f, RPR, RBV, F_last, Recl_last
74256.8,0.854842,0.909915,0.110803,334369
74256.8,0.854842,0.909915,0.110803,334369
74256.6,0.854842,0.909915,0.110803,334370
74254.6,0.854842,0.909915,0.110803,334381
74234.6,0.854841,0.909914,0.110803,334491
74036.6,0.854836,0.909909,0.110803,335597
72233.5,0.854787,0.909857,0.110805,346851
68248.1,0.854434,0.909481,0.11015,346478
35356,0.850686,0.905492,0.103808,342772
385827,0.82063,0.873499,0.155557,955167
34996.3,0.849504,0.904234,0.106094,362280
34523.8,0.851722,0.906594,0.105166,368137
32940.2,0.860297,0.915721,0.0980568,397075
102780,0.923977,0.983504,0.0490001,844162
29651.9,0.876495,0.932963,0.084957,463705
201443,0.946094,1.00705,0.035967,1.05069e+06
29429.7,0.880025,0.93672,0.0823525,477480
29015.5,0.887652,0.944839,0.0766442,506837
28417.9,0.899417,0.957362,0.0675738,567494
28144.3,0.910311,0.968958,0.0585112,662511
27942,0.90669,0.965104,0.0614829,628105
29535.2,0.919688,0.978938,0.0531264,698220
27844.3,0.909415,0.968004,0.0597257,641409
27737.6,0.909895,0.968514,0.059304,651291
30013.9,0.909178,0.967752,0.0595775,663374
27733,0.909864,0.968482,0.0593158,651806
27746.4,0.910325,0.968973,0.0591168,653542
27732.1,0.909956,0.96858,0.059276,652152
27732.1,0.909949,0.968572,0.0592229,652435
27731.6,0.909952,0.968576,0.0592494,652294
27730.7,0.909936,0.968558,0.0592567,652296
27723.3,0.909768,0.96838,0.05933,652312
27706.6,0.909723,0.968332,0.0593536,652278
27542.8,0.909266,0.967845,0.0595902,651936
26189,0.904563,0.962839,0.0620108,648524
23234.3,0.903114,0.961297,0.0623377,642087
5360.74,0.887069,0.944218,0.0657066,581083
516227,0.94923,1.01038,0.0121439,499847
4872.65,0.891977,0.949443,0.0632712,579268
99588.6,0.92634,0.98602,0.0320159,578960
4870.44,0.892181,0.94966,0.0630818,579267
4887.9,0.891437,0.948868,0.0634479,579083
4870.21,0.892106,0.94958,0.0631187,579248
4869.77,0.892097,0.94957,0.0631312,579229
4865.62,0.892002,0.949469,0.0632564,579037
4856.45,0.891931,0.949394,0.0632995,578669
4765.93,0.891226,0.948643,0.0637323,575002
3977.92,0.883932,0.940879,0.0682334,539579
4688.73,0.867666,0.923565,0.0784833,475268
3664.18,0.878411,0.935003,0.0716955,515874
39152.5,0.889996,0.947334,0.0859268,495254
3661.66,0.878522,0.935121,0.0717965,515710
3792.46,0.878394,0.934984,0.0699368,515772
3661.61,0.87852,0.935119,0.0717615,515711
3661.52,0.87852,0.935118,0.0717646,515710
3660.69,0.878516,0.935115,0.0717959,515701
3658.85,0.878505,0.935103,0.071804,515677
3640.49,0.878394,0.934984,0.0718852,515441
3462.49,0.877272,0.93379,0.072703,513087
2254.6,0.865465,0.921222,0.0814258,490118
1653.38,0.863498,0.919129,0.0759648,453135
83601.4,0.869286,0.92529,0.0640603,442182
1649.35,0.864127,0.919799,0.0758828,453065
2022.49,0.858996,0.914336,0.0753058,452939
1649.31,0.864075,0.919744,0.0758766,453063
1649.22,0.864073,0.919741,0.0758842,453063
1648.4,0.864049,0.919715,0.07596,453064
1643.17,0.863801,0.919452,0.0767222,453069
1631.01,0.863812,0.919463,0.0766973,453087
1521.8,0.863915,0.919573,0.0764492,453273
3404.34,0.863754,0.919402,0.0694855,453725
1514.87,0.863911,0.919568,0.0760335,453298
5686.97,0.87064,0.926731,0.107782,452970
1514.86,0.863925,0.919583,0.0760773,453298
1514.83,0.863924,0.919582,0.0760772,453298
1514.61,0.863916,0.919573,0.0760763,453301
1512.49,0.863833,0.919486,0.0760675,453332
1507.76,0.863831,0.919484,0.0760832,453399
1461.51,0.863813,0.919465,0.0762408,454064
1099.67,0.863617,0.919255,0.077835,460769
6741.34,0.826559,0.87981,0.0604252,475335
1073.5,0.862248,0.917799,0.076596,461676
47499.4,0.887698,0.944888,0.209422,462193
1073.49,0.862279,0.917831,0.0766369,461676
1073.46,0.862267,0.917818,0.0766126,461676
1073.41,0.862266,0.917818,0.076613,461677
1072.9,0.862264,0.917816,0.076617,461678
1067.87,0.862244,0.917794,0.0766563,461689
1020.21,0.862041,0.917578,0.0770511,461799
925.432,0.860772,0.916228,0.0784099,458962
787.562,0.856085,0.911238,0.0825718,446629
731.278,0.848131,0.902772,0.0886471,424732
717.707,0.84177,0.896001,0.0929202,407704
710.422,0.834302,0.888052,0.0977733,388951
707.758,0.830671,0.884187,0.100095,380543
703.806,0.823993,0.877079,0.104534,366095
699.146,0.814807,0.8673,0.110853,348400
696,0.807683,0.859718,0.115989,336165
694.816,0.803589,0.855361,0.11908,329787
694.699,0.802527,0.85423,0.119893,328180
694.693,0.802511,0.854213,0.119902,328171
694.693,0.802341,0.854031,0.120025,327877
694.693,0.802399,0.854094,0.119981,327977
694.692,0.802407,0.854102,0.119974,327991
694.692,0.802393,0.854087,0.119983,327971
694.691,0.802364,0.854056,0.120003,327926
694.69,0.802322,0.854012,0.120031,327862
694.688,0.802266,0.853952,0.12007,327775
694.684,0.80219,0.853871,0.120123,327655
694.678,0.802084,0.853758,0.120197,327490
694.67,0.801947,0.853612,0.120292,327275
694.658,0.801881,0.853543,0.120338,327171
694.638,0.801881,0.853543,0.12034,327168
694.604,0.802005,0.853675,0.120255,327357
694.558,0.802339,0.85403,0.120024,327877
694.536,0.802781,0.8545,0.119718,328569
694.5,0.802876,0.854601,0.119652,328719
694.625,0.802885,0.854611,0.119645,328741
694.487,0.802879,0.854604,0.119649,328726
694.472,0.80261,0.854318,0.119836,328308
694.455,0.802263,0.853948,0.120075,327764
694.44,0.802083,0.853757,0.120199,327481
694.424,0.80196,0.853626,0.120285,327287
694.403,0.801997,0.853666,0.12026,327343
694.371,0.80212,0.853797,0.120175,327534
694.34,0.80239,0.854084,0.119989,327957
694.315,0.802602,0.854309,0.119842,328292
694.319,0.802759,0.854477,0.119733,328542
694.296,0.802691,0.854404,0.11978,328434
694.28,0.802598,0.854305,0.119845,328287
694.256,0.802371,0.854064,0.120001,327931
694.236,0.802144,0.853822,0.120159,327573
694.22,0.802094,0.853769,0.120193,327496
694.196,0.802045,0.853717,0.120227,327419
694.194,0.802165,0.853845,0.120145,327606
694.178,0.802116,0.853793,0.120178,327530
694.161,0.802276,0.853963,0.120068,327781
694.141,0.802426,0.854122,0.119964,328016
694.135,0.802455,0.854153,0.119944,328062
694.131,0.802445,0.854143,0.119951,328047
694.118,0.802432,0.854128,0.119961,328025
694.103,0.802331,0.854021,0.12003,327868
694.093,0.80224,0.853925,0.120093,327725
694.086,0.80212,0.853797,0.120177,327536
694.082,0.802086,0.85376,0.120201,327482
694.081,0.802096,0.853771,0.120194,327498
694.079,0.802154,0.853832,0.120154,327589
694.078,0.80228,0.853966,0.120067,327786
694.077,0.802298,0.853986,0.120054,327816
694.077,0.802286,0.853974,0.120062,327797
694.076,0.802249,0.853934,0.120088,327738
694.076,0.802237,0.853921,0.120096,327720
694.076,0.802237,0.853921,0.120097,327719
694.076,0.802238,0.853923,0.120096,327722
694.076,0.802241,0.853925,0.120094,327725
694.076,0.802244,0.853928,0.120092,327730
694.076,0.802248,0.853932,0.120089,327736
694.076,0.802253,0.853938,0.120086,327744
694.076,0.80226,0.853945,0.120081,327755
694.075,0.802269,0.853955,0.120075,327769
694.074,0.802279,0.853966,0.120067,327786
694.073,0.802295,0.853983,0.120056,327811
694.072,0.802333,0.854023,0.12003,327870
694.071,0.802322,0.854012,0.120038,327853
694.069,0.802366,0.854059,0.120007,327923
694.064,0.802398,0.854092,0.119985,327972
694.059,0.802394,0.854088,0.119988,327966
694.051,0.802372,0.854064,0.120003,327931
694.044,0.802285,0.853972,0.120063,327795
694.043,0.802219,0.853902,0.120108,327691
694.041,0.802214,0.853896,0.120112,327683
694.041,0.802226,0.85391,0.120103,327702
694.041,0.802237,0.853921,0.120096,327719
694.041,0.802256,0.853941,0.120083,327749
694.041,0.802279,0.853966,0.120067,327785
694.04,0.802305,0.853994,0.120049,327826
694.039,0.802333,0.854024,0.120029,327870
694.038,0.802363,0.854056,0.120009,327917
694.037,0.802378,0.854072,0.119998,327941
694.035,0.802334,0.854025,0.120029,327872
694.034,0.802265,0.853951,0.120077,327763
694.033,0.802198,0.85388,0.120123,327658
694.033,0.802193,0.853874,0.120126,327650
694.032,0.802185,0.853865,0.120132,327637
694.031,0.802192,0.853873,0.120127,327648
694.031,0.802256,0.853942,0.120083,327750
694.03,0.802274,0.853961,0.12007,327778
694.03,0.802281,0.853968,0.120065,327788
694.03,0.80228,0.853966,0.120067,327786
694.03,0.802265,0.853951,0.120077,327763
694.03,0.802258,0.853943,0.120082,327752
694.029,0.802252,0.853937,0.120086,327742
694.029,0.802254,0.853939,0.120084,327746
694.029,0.802257,0.853942,0.120082,327750
694.029,0.802258,0.853944,0.120081,327752
694.029,0.802259,0.853945,0.12008,327754
694.029,0.802261,0.853946,0.12008,327756
694.029,0.802262,0.853948,0.120079,327758
694.029,0.802263,0.853949,0.120078,327760
694.029,0.802265,0.85395,0.120077,327762
694.029,0.802266,0.853952,0.120076,327765
694.029,0.802266,0.853952,0.120076,327765
694.029,0.802266,0.853952,0.120076,327765
694.009,0.802261,0.853953,0.120076,327764
693.816,0.802215,0.853967,0.120076,327760
692.553,0.801754,0.854106,0.120076,327721
690.833,0.801268,0.854548,0.120072,326526
688.059,0.800689,0.854239,0.120056,325475
683.206,0.799239,0.85392,0.120086,323392
674.947,0.797639,0.854077,0.120227,320838
664.449,0.794845,0.853974,0.120622,316371
663.58,0.791394,0.860571,0.121343,311394
658.984,0.793017,0.857371,0.120997,313766
659.182,0.794277,0.852573,0.121214,312119
656.287,0.79364,0.855005,0.121104,312954
652.847,0.7946,0.863678,0.121285,311950
647.781,0.795278,0.868668,0.121166,308337
641.264,0.79601,0.874292,0.120695,301622
638.086,0.797763,0.894181,0.120334,294017
638.641,0.798035,0.900019,0.120259,289036
636.607,0.79789,0.896874,0.120299,291700
635.056,0.797234,0.898488,0.12033,288268
632.426,0.796254,0.902092,0.120461,284319
627.946,0.794692,0.905464,0.120606,277279
624.8,0.79401,0.924362,0.120948,266330
623.674,0.793148,0.930724,0.120424,255853
621.973,0.793959,0.938854,0.120282,252189
618.843,0.795237,0.949231,0.119895,246361
613.287,0.798038,0.971748,0.119266,236186
607.753,0.800114,1.00273,0.117472,216209
602.682,0.803914,1.0413,0.11652,200847
602.638,0.806378,1.07064,0.11627,188519
600.086,0.805141,1.056,0.116393,194500
596.994,0.80801,1.0762,0.116215,189703
591.428,0.810566,1.10172,0.115065,182407
589.495,0.81542,1.14232,0.113146,174626
586.248,0.815684,1.1463,0.112622,175563
581.03,0.816107,1.14887,0.111989,179182
578.764,0.817233,1.1603,0.11082,185009
575.888,0.817822,1.16554,0.110186,188068
581.557,0.819431,1.17809,0.109081,193784
575.164,0.818231,1.16863,0.109907,189491
573.89,0.818708,1.17182,0.109425,191764
571.675,0.819602,1.17803,0.108585,195883
567.544,0.8214,1.19086,0.107059,202041
561.021,0.82482,1.21638,0.104261,213784
561.405,0.829506,1.25702,0.0997827,233067
556.97,0.827359,1.23793,0.101826,223954
571.364,0.8305,1.26577,0.099468,237625
556.251,0.827952,1.24305,0.101381,226447
554.997,0.828617,1.24965,0.100767,228759
553.518,0.829724,1.26187,0.0995236,231816
551.614,0.831599,1.27574,0.0984394,237586
549.931,0.833099,1.28792,0.0972159,241968
557.055,0.83509,1.30658,0.0945709,246299
549.628,0.833467,1.29133,0.0967229,242761
548.933,0.833862,1.29354,0.0964628,244123
547.806,0.835259,1.30851,0.095753,241977
546.324,0.837885,1.33327,0.0946386,239139
544.955,0.841857,1.38424,0.0922485,237676
542.988,0.844092,1.41731,0.0901876,247063
541.1,0.848193,1.49025,0.0869587,259674
541.964,0.849397,1.52123,0.0850958,290365
540.326,0.848689,1.50266,0.0861894,271853
539.654,0.848923,1.50797,0.0858047,288337
539.234,0.84694,1.48412,0.0863571,311154
538.868,0.845448,1.48196,0.0870577,314435
538.535,0.843751,1.48261,0.0888729,300985
538.421,0.841087,1.46988,0.0913526,284866
538.275,0.839014,1.45323,0.0927474,281651
538.142,0.835382,1.42171,0.0956778,271424
538.08,0.831922,1.39292,0.0986565,261530
537.997,0.829893,1.37655,0.100319,256960
537.89,0.828037,1.36365,0.101628,254410
537.695,0.825952,1.34981,0.103077,251772
537.371,0.825903,1.35769,0.103361,249025
537.008,0.826592,1.37135,0.101247,271600
536.508,0.827205,1.37732,0.101234,267546
535.541,0.82768,1.38106,0.100832,268863
527.109,0.832386,1.41921,0.0969005,282387
993.91,0.804819,1.18988,0.121275,192798
535.76,0.819738,1.30573,0.107767,235679
524.702,0.826446,1.36396,0.101938,259059
545.934,0.829782,1.39062,0.0992361,267396
524.493,0.82789,1.37539,0.100764,262622
524.058,0.827295,1.37066,0.101247,261145
522.78,0.827968,1.37772,0.100796,260921
512.027,0.834598,1.45053,0.0963921,258701
497.001,0.837765,1.51853,0.0955843,228643
498.825,0.844932,1.69951,0.0910787,211510
492.62,0.841468,1.60857,0.0932491,219702
490.278,0.842218,1.67959,0.093294,201808
487.317,0.842819,1.66819,0.0928562,198213
486.432,0.823556,1.52085,0.105396,189475
485.004,0.825237,1.53008,0.104215,190567
483.012,0.829487,1.56618,0.101522,188174
483.65,0.836895,1.63915,0.0970686,184530
482.154,0.83279,1.59794,0.0995299,186555
480.958,0.83248,1.60994,0.0998327,184120
479.561,0.834209,1.62868,0.0989734,183123
478.671,0.831662,1.62564,0.100319,182197
477.641,0.832558,1.63425,0.0994033,186145
478.764,0.832856,1.61593,0.0987181,193997
477.305,0.832658,1.6282,0.0991791,188673
476.967,0.833721,1.637,0.0981286,191770
476.687,0.831398,1.62094,0.0995662,191350
476.417,0.829122,1.6021,0.100968,191066
476.088,0.826797,1.57983,0.102131,193106
475.676,0.823986,1.55571,0.103725,194560
475.345,0.824384,1.56098,0.103075,198468
475.039,0.826802,1.58222,0.10086,205058
474.802,0.827893,1.59787,0.100455,202147
474.601,0.831994,1.64734,0.0986885,195224
474.451,0.833003,1.65948,0.0983061,192325
474.492,0.83261,1.66431,0.0987952,189121
474.381,0.832823,1.66167,0.0985294,190853
474.293,0.832955,1.66642,0.0984092,189922
474.186,0.831311,1.65416,0.0998597,184226
474.115,0.829325,1.63923,0.101592,178840
474.058,0.827901,1.62901,0.102878,175633
474.012,0.82762,1.62625,0.102982,176336
473.942,0.827897,1.62882,0.102437,180496
473.874,0.828692,1.63673,0.101356,188154
473.833,0.828559,1.63601,0.101211,191844
473.767,0.828638,1.63811,0.101006,194713
473.675,0.828217,1.63856,0.101259,196194
473.612,0.826719,1.62538,0.102552,193697
473.566,0.825884,1.62063,0.103355,190725
473.539,0.825314,1.61786,0.104077,186442
473.506,0.825637,1.61877,0.103954,185265
473.475,0.825966,1.61939,0.103773,184951
473.445,0.826911,1.62784,0.103266,183769
473.416,0.827294,1.63184,0.102992,184069
473.386,0.827446,1.63603,0.102715,186118
473.36,0.826991,1.634,0.102839,188128
473.333,0.826454,1.63299,0.102922,190786
473.308,0.825626,1.62936,0.103413,190827
473.292,0.825154,1.62866,0.10381,189150
473.278,0.825076,1.63114,0.104014,186809
473.264,0.825015,1.63424,0.104284,183506
473.251,0.825226,1.63946,0.104314,180922
473.237,0.825272,1.64238,0.104389,179067
473.224,0.825374,1.6446,0.104272,179235
473.211,0.825347,1.64386,0.104115,181193
473.202,0.825236,1.64177,0.104027,183432
473.195,0.825118,1.63922,0.103978,185343
473.189,0.824905,1.63685,0.104106,185989
473.182,0.82477,1.63537,0.104211,186199
473.172,0.824425,1.63365,0.104551,185360
473.161,0.824393,1.63549,0.104696,184224
473.151,0.824297,1.63746,0.104864,183017
473.143,0.824556,1.64191,0.104718,182555
473.135,0.824806,1.64545,0.104556,182389
473.126,0.825038,1.6492,0.10439,182513
473.116,0.825125,1.65132,0.104369,182326
473.105,0.825065,1.65281,0.104442,182366
473.093,0.824881,1.65188,0.104627,182402
473.081,0.824591,1.65005,0.104865,182914
473.072,0.82451,1.648,0.104926,183775
473.065,0.824495,1.64669,0.10494,184365
473.059,0.824576,1.64631,0.104894,184775
473.054,0.824772,1.64691,0.10476,184899
473.048,0.824813,1.64761,0.104793,184567
473.041,0.824843,1.6488,0.104815,183962
473.033,0.824692,1.6504,0.104996,183025
473.028,0.824568,1.65131,0.105098,182870
473.025,0.824436,1.65196,0.105186,183101
473.023,0.824392,1.6522,0.105192,183471
473.022,0.824366,1.65272,0.105202,183634
473.02,0.824387,1.6533,0.105183,183609
473.019,0.824393,1.65439,0.105195,183288
473.017,0.82441,1.65545,0.105194,182894
473.015,0.824373,1.65665,0.105231,182473
473.013,0.824298,1.65707,0.105272,182385
473.012,0.824201,1.6569,0.10532,182560
473.011,0.824127,1.65616,0.105351,182816
473.011,0.824076,1.65569,0.105373,182967
473.01,0.824031,1.65522,0.105399,182994
473.01,0.82403,1.65537,0.105399,182845
473.01,0.824054,1.65595,0.105385,182614
473.009,0.824093,1.65651,0.105352,182481
473.009,0.82413,1.657,0.105314,182443
473.009,0.824146,1.65706,0.105283,182529
473.009,0.824134,1.65681,0.105275,182648
473.009,0.824107,1.65643,0.105284,182723
473.009,0.824074,1.65608,0.1053,182738
473.008,0.824043,1.65588,0.105317,182672
473.008,0.824036,1.656,0.105316,182555
473.008,0.824057,1.65634,0.105295,182458
473.008,0.82409,1.65664,0.105264,182454
473.008,0.824109,1.65665,0.105242,182515
473.008,0.824113,1.65646,0.10523,182612
473.008,0.824096,1.65601,0.105235,182710
473.008,0.824069,1.65557,0.105248,182777
473.008,0.824034,1.65513,0.105267,182809
473.008,0.824005,1.65489,0.105284,182806
473.008,0.823992,1.65492,0.105288,182784
473.008,0.824012,1.65534,0.105269,182753
473.007,0.82406,1.65593,0.105231,182739
473.007,0.824114,1.65645,0.10519,182729
473.007,0.824165,1.65678,0.105153,182715
473.007,0.824203,1.65682,0.105127,182670
473.007,0.824212,1.65651,0.105124,182598
473.007,0.824193,1.65603,0.10514,182519
473.007,0.824164,1.65555,0.105161,182468
473.007,0.824136,1.65518,0.105178,182459
473.007,0.824128,1.65505,0.105175,182522
473.006,0.824147,1.65522,0.105152,182626
473.006,0.824177,1.65548,0.105124,182718
473.006,0.824203,1.65571,0.105099,182780
473.006,0.824228,1.65588,0.105078,182830
473.006,0.824235,1.65591,0.105065,182833
473.006,0.824215,1.65564,0.105079,182774
473.006,0.82418,1.65536,0.105101,182695
473.006,0.824157,1.65516,0.105119,182649
473.006,0.824143,1.65507,0.105127,182627
473.006,0.824131,1.655,0.105133,182614
473.006,0.824122,1.65497,0.105136,182613
473.005,0.824118,1.655,0.105134,182634
473.005,0.824127,1.65513,0.105126,182677
473.005,0.82414,1.65524,0.105117,182707
473.005,0.824154,1.65536,0.105108,182729
473.005,0.824163,1.65543,0.105103,182733
473.005,0.824167,1.65546,0.105101,182722
473.005,0.824168,1.65545,0.105108,182702
473.005,0.824156,1.65528,0.105114,182662
473.004,0.824154,1.65525,0.10512,182665
473.004,0.824147,1.65511,0.105129,182675
473.004,0.824147,1.65499,0.105126,182703
473.004,0.824154,1.65495,0.105117,182738
473.004,0.824166,1.65497,0.105103,182776
473.004,0.824183,1.65505,0.105085,182819
473.004,0.824206,1.6552,0.105064,182857
473.004,0.824224,1.65542,0.105053,182860
473.004,0.824221,1.65553,0.105066,182808
473.003,0.824202,1.65554,0.105096,182725
473.003,0.824187,1.65549,0.105118,182667
473.003,0.824182,1.65547,0.105123,182656
473.003,0.82418,1.65545,0.105126,182654
473.003,0.824182,1.65546,0.105126,182656
473.003,0.824188,1.65552,0.105125,182661
473.003,0.824206,1.65569,0.105121,182670
473.003,0.824224,1.65588,0.105117,182679
473.003,0.824234,1.65597,0.105112,182696
473.003,0.82424,1.65604,0.105112,182714
473.003,0.824237,1.65606,0.10512,182732
473.002,0.824223,1.656,0.105137,182746
473.002,0.824195,1.65585,0.105163,182748
473.002,0.824174,1.65572,0.105178,182737
473.002,0.824166,1.65569,0.105183,182723
473.002,0.824162,1.65566,0.10518,182717
473.002,0.82416,1.65565,0.105179,182711
473.002,0.824156,1.65565,0.105178,182704
473.002,0.824149,1.65563,0.105178,182695
473.002,0.824134,1.65559,0.105178,182685
473.002,0.824128,1.65557,0.105179,182687
473.002,0.824124,1.65556,0.105182,182698
473.002,0.824125,1.65558,0.105187,182715
473.002,0.824129,1.6556,0.105191,182724
473.002,0.824132,1.65563,0.105193,182727
473.002,0.824135,1.65567,0.105195,182727
473.002,0.82414,1.65571,0.105196,182723
473.002,0.824143,1.65575,0.105198,182717
473.002,0.82415,1.65579,0.105197,182705
473.002,0.824154,1.6558,0.105199,182690
473.002,0.824158,1.65576,0.105194,182681
473.002,0.824154,1.65566,0.105192,182683
473.002,0.82415,1.65557,0.105191,182693
473.001,0.824147,1.65552,0.10519,182704
473.001,0.824147,1.65546,0.105188,182719
473.001,0.824152,1.65542,0.105183,182738
473.001,0.824163,1.65544,0.105175,182752
473.001,0.824174,1.6555,0.105171,182747
473.001,0.82418,1.65556,0.10517,182738
473.001,0.824181,1.6556,0.105172,182731
473.001,0.824181,1.65562,0.105175,182727
473.001,0.824178,1.65563,0.105182,182726
473.001,0.824173,1.65561,0.105187,182731
473.001,0.82417,1.6556,0.10519,182737
473.001,0.824166,1.65557,0.105191,182742
473.001,0.824162,1.65556,0.105192,182744
473.001,0.824154,1.65553,0.105191,182739
473.001,0.82415,1.65557,0.105189,182723
473.001,0.824152,1.65555,0.10519,182730
473.001,0.824151,1.65558,0.105189,182720
473.001,0.824151,1.65564,0.105187,182699
473.001,0.82415,1.65566,0.105187,182694
473.001,0.824149,1.65565,0.105185,182692
473.001,0.824147,1.65563,0.105186,182695
473.001,0.824143,1.65559,0.105186,182701
473.001,0.824142,1.65559,0.105186,182702
473.001,0.824142,1.65558,0.105186,182703
473.001,0.824138,1.65554,0.105185,182713
473.001,0.824139,1.65553,0.105183,182714
473.001,0.824143,1.65551,0.105179,182714
473.001,0.824153,1.65549,0.105171,182714
473.001,0.824157,1.65549,0.105169,182714
473.001,0.824157,1.65548,0.105169,182715
473.001,0.824157,1.65547,0.105169,182718
473.001,0.824157,1.65545,0.105169,182720
473.001,0.824157,1.65543,0.105169,182721
473.001,0.824158,1.65541,0.105167,182720
473.001,0.82416,1.65542,0.105165,182717
473.001,0.824161,1.65542,0.105164,182714
473.001,0.824161,1.65545,0.105165,182710
473.001,0.824161,1.65547,0.105166,182710
473.001,0.82416,1.65548,0.105168,182711
473.001,0.824159,1.6555,0.10517,182712
473.001,0.824158,1.65551,0.105173,182714
473.001,0.824157,1.65553,0.105177,182716
473.001,0.824155,1.65556,0.10518,182717
473.001,0.824153,1.65558,0.105183,182716
473.001,0.824151,1.65559,0.105183,182714
473.001,0.824151,1.65558,0.10518,182710
473.001,0.824153,1.65555,0.105174,182707
473.001,0.824153,1.65552,0.10517,182705
473.001,0.824154,1.65553,0.105171,182705
473.001,0.824155,1.65553,0.105171,182706
473.001,0.824154,1.65554,0.105172,182707
473.001,0.824153,1.65554,0.105174,182708
473.001,0.824153,1.65554,0.105175,182709
473.001,0.824154,1.65554,0.105174,182709
473.001,0.824154,1.65554,0.105173,182708
473.001,0.824155,1.65554,0.105173,182708
473.001,0.824154,1.65554,0.105173,182708
473.001,0.824154,1.65554,0.105173,182708
473.001,0.824153,1.65554,0.105173,182708
473.001,0.824154,1.65554,0.105173,182708
473.001,0.824154,1.65554,0.105173,182708
473.001,0.824154,1.65554,0.105173,182708
473.001,0.824153,1.65554,0.105173,182708
473.001,0.824154,1.65554,0.105173,182708
473.001,0.824154,1.65554,0.105173,182708
473.001,0.824154,1.65554,0.105173,182708
473.001,0.824154,1.65554,0.105173,182708
473.001,0.824153,1.65554,0.105173,182708
473.001,0.824154,1.65554,0.105173,182708
473.001,0.824153,1.65554,0.105173,182708
473.001,0.824154,1.65554,0.105173,182708
473.001,0.824154,1.65554,0.105173,182708
473.001,0.824153,1.65554,0.105173,182708
473.001,0.824154,1.65554,0.105173,182708
473.001,0.824153,1.65554,0.105173,182708
473.001,0.824154,1.65554,0.105173,182708
473.001,0.824153,1.65554,0.105173,182708
473.001,0.824153,1.65554,0.105173,182708
473.001,0.824153,1.65554,0.105173,182708
473.001,0.824153,1.65554,0.105173,182708
473.001,0.824153,1.65554,0.105173,182708
473.001,0.824153,1.65554,0.105173,182708
473.001,0.824153,1.65554,0.105173,182708
473.001,0.824153,1.65554,0.105173,182708
473.001,0.824153,1.65554,0.105173,182708
473.001,0.824153,1.65554,0.105173,182708
473.001,0.824153,1.65554,0.105173,182708
473.001,0.824153,1.65554,0.105173,182708
473.001,0.824153,1.65554,0.105173,182708
473.001,0.824153,1.65554,0.105173,182708
473.001,0.824153,1.65554,0.105173,182708
473.001,0.824153,1.65554,0.105173,182708
473.001,0.824153,1.65554,0.105173,182708
473.001,0.824153,1.65554,0.105173,182708
473.001,0.824153,1.65554,0.105173,182708
472.981,0.824153,1.65554,0.105173,182708
472.782,0.824153,1.65554,0.105173,182708
470.929,0.824153,1.65554,0.105173,182708
2786.84,0.823436,1.64947,0.105175,160902
470.927,0.824153,1.65553,0.105173,182687
470.923,0.824139,1.65549,0.105174,182673
470.902,0.824002,1.65503,0.105181,182530
470.867,0.823807,1.65478,0.105213,182329
470.804,0.823612,1.65448,0.105283,182106
470.685,0.823261,1.65339,0.105421,181712
470.473,0.822591,1.6521,0.105695,180984
470.252,0.821474,1.64788,0.106187,179655
470.92,0.820426,1.64869,0.106785,178359
470.207,0.821257,1.64804,0.106308,179392
470.197,0.821128,1.64743,0.106433,179088
470.181,0.821122,1.64735,0.106457,179002
470.151,0.821112,1.64773,0.106494,178828
470.094,0.821073,1.64781,0.106545,178476
469.796,0.820685,1.64861,0.10706,174989
469.187,0.820312,1.6496,0.107628,170851
468.104,0.819693,1.65514,0.108635,164003
466.619,0.818373,1.65856,0.110372,152366
473.854,0.817372,1.68575,0.113205,138442
466.395,0.818224,1.66262,0.110794,150181
466.168,0.817956,1.66226,0.111174,147989
465.804,0.817765,1.66376,0.111561,145863
465.248,0.817426,1.66636,0.112132,142440
464.757,0.816668,1.66763,0.112906,137240
464.455,0.816272,1.67054,0.113621,132878
463.897,0.815788,1.66973,0.114061,130262
462.877,0.815201,1.67075,0.115042,125712
461.998,0.814165,1.66841,0.117357,118563
468.33,0.812862,1.65601,0.119714,116587
461.903,0.814025,1.66706,0.117609,118348
461.723,0.813765,1.66458,0.117791,118393
461.392,0.813255,1.65982,0.118109,118518
461.742,0.812302,1.65053,0.118694,119041
461.286,0.812947,1.65681,0.118298,118687
461.116,0.812656,1.65359,0.118518,119202
460.84,0.812218,1.64912,0.118745,119927
460.58,0.811499,1.64212,0.119084,121148
461.407,0.810758,1.63185,0.1199,123244
460.518,0.811348,1.64002,0.11925,121572
460.481,0.811247,1.63891,0.119439,121926
460.412,0.811167,1.63826,0.119493,122063
459.872,0.810366,1.63182,0.120029,123440
459.778,0.808919,1.62144,0.120774,125566
459.623,0.808908,1.62305,0.120899,125031
459.358,0.808915,1.62572,0.121115,124161
459.022,0.80829,1.62022,0.121636,126449
458.537,0.807493,1.61284,0.122277,129521
458.128,0.803744,1.57317,0.12412,142990
457.984,0.79933,1.54687,0.127224,149220
457.851,0.801009,1.55635,0.126033,146817
457.624,0.797998,1.53701,0.128936,142945
457.279,0.796124,1.52257,0.130989,137087
456.982,0.792439,1.49662,0.134183,133182
456.858,0.789571,1.47333,0.135642,136615
456.689,0.790092,1.48094,0.134856,137695
456.545,0.790459,1.4954,0.134596,135988
456.325,0.790426,1.50422,0.134627,134029
456.017,0.787864,1.49884,0.136867,131211
455.687,0.780819,1.4596,0.142505,130071
455.334,0.7712,1.40397,0.150503,127952
455.308,0.763618,1.37651,0.158033,118940
455.151,0.767311,1.38973,0.154351,123211
455.406,0.767984,1.40345,0.154494,120138
455.078,0.767576,1.39502,0.154406,122009
454.999,0.770281,1.42024,0.151914,124357
454.905,0.773823,1.45248,0.148854,126413
454.888,0.773524,1.44921,0.148725,130828
454.848,0.773659,1.45064,0.148781,128897
454.783,0.772811,1.44566,0.149693,128487
454.957,0.772426,1.44387,0.150306,127365
454.765,0.772712,1.44519,0.149854,128190
454.75,0.773137,1.4483,0.149413,128988
454.727,0.77386,1.45411,0.148666,130285
454.716,0.774481,1.45907,0.148129,130665
454.694,0.77459,1.45995,0.148139,130016
454.651,0.774567,1.45905,0.148128,130343
454.3,0.774337,1.45005,0.148017,133651
453.571,0.775149,1.4528,0.147885,130547
454.954,0.785522,1.5399,0.140612,130152
453.352,0.778551,1.48045,0.145485,130419
453.794,0.777465,1.47596,0.146497,130154
453.249,0.778065,1.47843,0.145937,130300
453.681,0.777355,1.46948,0.14682,128251
453.218,0.777847,1.47568,0.146207,129669
453.157,0.777807,1.47509,0.146243,129610
452.649,0.777398,1.46922,0.146608,129018
451.701,0.779174,1.47273,0.144901,129980
450.251,0.778073,1.45766,0.146243,126104
449.681,0.779889,1.47153,0.145059,123286
449.018,0.777311,1.45008,0.146758,124483
448.712,0.770762,1.42027,0.152399,122313
448.405,0.768519,1.41341,0.154172,121803
448.364,0.759202,1.36932,0.161245,122574
448.29,0.759462,1.36981,0.161111,122282
448.158,0.759253,1.37002,0.161493,121380
447.973,0.758856,1.37259,0.162212,120510
447.837,0.757019,1.37437,0.164838,115610
447.734,0.755372,1.37119,0.166691,113734
447.605,0.751294,1.3546,0.170389,112820
447.414,0.746299,1.33605,0.175316,109886
447.297,0.740187,1.32929,0.181439,107170
447.112,0.739796,1.333,0.182087,106081
447.006,0.735518,1.31574,0.186356,104327
446.871,0.733901,1.30917,0.188171,103281
446.732,0.730115,1.30745,0.192164,101357
446.664,0.730987,1.32304,0.192002,100119
446.558,0.72808,1.30912,0.194825,99521.7
446.46,0.721657,1.28309,0.201289,97884.8
446.47,0.715368,1.25962,0.207518,96974.9
446.41,0.718569,1.27149,0.204341,97434.5
446.331,0.716599,1.26378,0.206351,97402.1
446.262,0.711922,1.24746,0.211159,96777.5
446.164,0.710505,1.24459,0.212691,97164.1
446.084,0.703146,1.22136,0.22066,95063.6
446.005,0.700556,1.21158,0.223653,94383.6
445.944,0.698715,1.2109,0.226243,92848
445.883,0.696249,1.2029,0.22932,91349.7
445.826,0.689183,1.1778,0.237395,88944.7
445.778,0.686342,1.16904,0.241206,87218.4
445.736,0.684178,1.1625,0.243898,86488.3
445.701,0.683173,1.16148,0.245116,86352.7
445.663,0.682972,1.15925,0.245254,87010.4
445.615,0.679538,1.14881,0.249219,86866.3
445.571,0.676954,1.14334,0.252235,86872.6
445.54,0.67366,1.1341,0.256014,86759.5
445.499,0.673279,1.13377,0.256689,86265.6
445.464,0.670642,1.13012,0.260483,83814.7
445.429,0.670434,1.13067,0.261015,83054.6
445.391,0.669519,1.12887,0.262417,81998.7
445.355,0.666495,1.11998,0.2662,80731.1
445.326,0.66435,1.11789,0.268716,80246.9
445.297,0.662975,1.11238,0.270123,80234.1
445.278,0.658825,1.09817,0.27453,80260
445.249,0.660337,1.10196,0.272433,81263.8
445.208,0.662167,1.10801,0.269763,82570.5
445.159,0.664196,1.11415,0.266872,83635.3
445.122,0.66503,1.1187,0.265475,83945.2
445.089,0.665782,1.12117,0.264456,84045.8
445.043,0.665601,1.12173,0.26461,83084.9
445,0.665979,1.12315,0.264439,81600.3
445.009,0.66306,1.11374,0.267286,80558.9
444.984,0.664592,1.11864,0.265807,81096.8
444.961,0.664623,1.11735,0.265535,81345.1
444.927,0.663767,1.1123,0.265897,82092.5
444.904,0.663226,1.10696,0.265873,82827.2
444.893,0.662675,1.105,0.266273,82947.3
444.879,0.662683,1.10497,0.266312,82793
444.859,0.662337,1.10345,0.267027,81987.5
444.847,0.66268,1.10329,0.266574,81354.2
444.835,0.663464,1.10592,0.265853,81612
444.827,0.663128,1.10468,0.266023,81686.9
444.814,0.6637,1.10569,0.265157,81776.3
444.8,0.66541,1.11142,0.262588,82557.2
444.794,0.666393,1.11478,0.261354,82793.6
444.786,0.667215,1.11797,0.260281,82815.4
444.779,0.667857,1.12095,0.259247,83058.6
444.776,0.668099,1.12187,0.2588,83205.4
444.773,0.668167,1.12244,0.258529,83258.3
444.77,0.668373,1.1232,0.258167,83303.4
444.768,0.668603,1.12432,0.257861,83319.5
444.766,0.668833,1.12557,0.257549,83205.2
444.764,0.669104,1.12725,0.257272,83109.7
444.763,0.669152,1.12783,0.257115,83156.3
444.763,0.669028,1.12754,0.257261,83126.6
444.762,0.668945,1.12728,0.257291,83155.1
444.761,0.668787,1.12669,0.257386,83217
444.76,0.668692,1.12635,0.257412,83192.6
444.76,0.668664,1.12621,0.257439,83168
444.759,0.668645,1.12611,0.25748,83094.9
444.759,0.668591,1.12583,0.257575,83039
444.759,0.668526,1.12553,0.257656,83023.9
444.759,0.668454,1.12519,0.257733,83038.2
444.758,0.668451,1.12513,0.25771,83092.4
444.758,0.668486,1.12525,0.257648,83128.2
444.758,0.668641,1.12584,0.257462,83165
444.757,0.668844,1.12667,0.257247,83147.6
444.757,0.669044,1.12746,0.257052,83125.6
444.757,0.669229,1.1282,0.256858,83116.3
444.756,0.669377,1.12871,0.256694,83156
444.756,0.66948,1.12906,0.256532,83242.6
444.756,0.669548,1.12918,0.256411,83354.1
444.756,0.669625,1.12941,0.256265,83453.4
444.755,0.669739,1.12974,0.256103,83518.6
444.755,0.669864,1.1302,0.255962,83509.3
444.755,0.66994,1.13047,0.255916,83436.6
444.755,0.669976,1.13061,0.25591,83358.3
444.754,0.669911,1.13029,0.256024,83266.3
444.754,0.669806,1.12975,0.256149,83216.2
444.754,0.669554,1.12855,0.256415,83219.9
444.753,0.669431,1.12787,0.256486,83305.8
444.753,0.669249,1.12703,0.256628,83411.2
444.752,0.669264,1.12702,0.256552,83507.1
444.751,0.669285,1.12723,0.256518,83521.7
444.749,0.669336,1.1278,0.256522,83403.3
444.749,0.669255,1.12809,0.256754,83165.1
444.748,0.669255,1.12817,0.256792,83085.6
444.747,0.669215,1.12802,0.256866,83028.7
444.746,0.669213,1.12798,0.256857,83047.6
444.745,0.669281,1.12825,0.256733,83137.2
444.744,0.669452,1.12888,0.256454,83319.8
444.744,0.669569,1.12931,0.256298,83388.1
444.744,0.669572,1.12927,0.256302,83379.1
444.744,0.669593,1.12924,0.256291,83369.3
444.743,0.669595,1.12901,0.256313,83340.8
444.743,0.66955,1.12852,0.256389,83310.5
444.743,0.669446,1.12793,0.256523,83287.4
444.743,0.669278,1.12721,0.256726,83265.3
444.742,0.669079,1.12651,0.256966,83247.3
444.742,0.668954,1.12617,0.257131,83231.5
444.742,0.668915,1.12612,0.257209,83210.3
444.742,0.668942,1.12626,0.257214,83190.9
444.742,0.669028,1.12657,0.257153,83171.8
444.741,0.66916,1.12698,0.257047,83170.6
444.741,0.669336,1.12757,0.256855,83194.4
444.741,0.669551,1.12833,0.256597,83266.7
444.74,0.669715,1.12905,0.256355,83380.2
444.74,0.669764,1.12936,0.2563,83414.5
444.74,0.669732,1.1293,0.25633,83409.5
444.74,0.669707,1.12931,0.256363,83401.6
444.74,0.669681,1.1293,0.256407,83379.5
444.74,0.669639,1.12922,0.256473,83350
444.74,0.669546,1.12893,0.2566,83304.7
444.739,0.669385,1.12832,0.256795,83255.3
444.739,0.669174,1.12749,0.257029,83216.8
444.739,0.668986,1.12677,0.257225,83206.2
444.739,0.668844,1.12625,0.25737,83199.6
444.739,0.668747,1.12599,0.257476,83195.8
444.739,0.668783,1.12615,0.257442,83189.1
444.739,0.668829,1.12642,0.257413,83161.2
444.739,0.668906,1.1268,0.257338,83145.2
444.739,0.668992,1.12724,0.257251,83133.7
444.739,0.669058,1.12758,0.257169,83142.8
444.739,0.669088,1.12771,0.257114,83173.4
444.739,0.669089,1.1277,0.257096,83204
444.739,0.66909,1.12768,0.257083,83230.8
444.739,0.669106,1.12772,0.257056,83257
444.739,0.669138,1.12784,0.25702,83270.8
444.739,0.66918,1.12802,0.256982,83266.2
444.738,0.66922,1.12821,0.256953,83244.6
444.738,0.669249,1.12834,0.256941,83212.7
444.738,0.669252,1.12835,0.256951,83188.6
444.738,0.669234,1.12824,0.256972,83191.6
444.738,0.669204,1.12809,0.256996,83216.6
444.738,0.6692,1.12803,0.256996,83229.7
444.738,0.669202,1.12802,0.256989,83244
444.738,0.669206,1.128,0.256979,83261.8
444.738,0.669217,1.12798,0.256965,83280.7
444.738,0.669225,1.12798,0.256957,83279.1
444.738,0.669236,1.12801,0.256948,83262.4
444.738,0.669242,1.12804,0.256942,83244.4
444.738,0.669246,1.12806,0.256932,83231.1
444.738,0.669248,1.12808,0.256916,83230.3
444.738,0.669251,1.12807,0.256892,83245.2
444.738,0.669254,1.12804,0.256866,83271.8
444.738,0.669254,1.12797,0.256846,83298.9
444.738,0.669244,1.12782,0.256845,83313.9
444.738,0.669217,1.1276,0.256872,83303
444.738,0.669181,1.12735,0.256918,83266.1
444.738,0.669144,1.12713,0.256961,83216.7
444.738,0.669116,1.12698,0.256982,83175.2
444.738,0.669105,1.12694,0.256967,83162.1
444.738,0.669115,1.127,0.256915,83184.9
444.738,0.669143,1.12712,0.256843,83228.3
444.738,0.669179,1.12726,0.256773,83269.1
444.738,0.669224,1.12744,0.256701,83301.1
444.738,0.669268,1.12762,0.256642,83310.1
444.738,0.669285,1.1277,0.256628,83286.2
444.738,0.669275,1.12767,0.256651,83252.4
444.737,0.66926,1.12761,0.256677,83225.8
444.737,0.669243,1.12754,0.256703,83200.7
444.737,0.669233,1.12747,0.256717,83181.2
444.737,0.669239,1.12744,0.256708,83174.3
444.737,0.669278,1.1275,0.256651,83198.9
444.737,0.66932,1.12761,0.256592,83238.3
444.737,0.669368,1.12775,0.25652,83287
444.737,0.669372,1.12778,0.256516,83291.3
444.737,0.669372,1.12779,0.256518,83286.9
444.737,0.66937,1.1278,0.256524,83280
444.737,0.669364,1.1278,0.256537,83269
444.737,0.669352,1.12779,0.256561,83252.3
444.737,0.669323,1.12774,0.256611,83226.8
444.737,0.669222,1.12747,0.256767,83170.1
444.737,0.669259,1.12756,0.256711,83190.4
444.737,0.669193,1.12736,0.256807,83163.6
444.737,0.669117,1.12711,0.25691,83165.5
444.736,0.669078,1.12695,0.256952,83201.5
444.736,0.669038,1.12681,0.256999,83225.6
444.736,0.669061,1.12689,0.256973,83212.1
444.736,0.66907,1.1269,0.256957,83229.9
444.736,0.669096,1.12697,0.25692,83250.7
444.736,0.669144,1.12709,0.256858,83274.5
444.736,0.669235,1.12735,0.256742,83297.2
444.736,0.669359,1.12769,0.256588,83312.5
444.736,0.66932,1.12758,0.256637,83307.6
444.736,0.669424,1.12788,0.256508,83303.3
444.736,0.669444,1.12792,0.256486,83282.1
444.736,0.669392,1.12774,0.256556,83230.3
444.735,0.669385,1.12771,0.256568,83233.4
444.735,0.669365,1.12765,0.256599,83237.3
444.735,0.669322,1.12754,0.256671,83241.1
444.735,0.669272,1.12738,0.256748,83244.2
444.735,0.669188,1.12718,0.256894,83246.8
444.735,0.669165,1.12711,0.256935,83256.4
444.735,0.669168,1.12713,0.256937,83246.8
444.735,0.669202,1.12728,0.25689,83232.8
444.735,0.669301,1.12759,0.256743,83215.7
444.735,0.669249,1.12748,0.256805,83214.5
444.735,0.669193,1.12733,0.256856,83213.6
444.734,0.669094,1.12706,0.25696,83209.2
444.734,0.668949,1.12671,0.257099,83187.9
444.734,0.668709,1.12617,0.257335,83138.6
444.734,0.668446,1.12563,0.257583,83060.4
444.734,0.668114,1.12514,0.257881,82929.9
444.733,0.668276,1.12538,0.257737,82992.7
444.733,0.668151,1.1252,0.257871,82935
444.733,0.668041,1.12512,0.258009,82854.7
444.732,0.667935,1.12513,0.258173,82763.7
444.732,0.668001,1.12539,0.258168,82736.9
444.731,0.668179,1.12584,0.258039,82744.3
444.73,0.668447,1.12638,0.257807,82799.4
444.73,0.668677,1.12673,0.257507,82869.1
444.729,0.668627,1.12653,0.257472,82873.9
444.728,0.66856,1.12624,0.257354,82885.6
444.727,0.66873,1.12642,0.256874,83009.7
444.726,0.66873,1.12637,0.256828,83039
444.726,0.668723,1.12635,0.256835,83050.4
444.726,0.668721,1.12635,0.256849,83058.8
444.725,0.6687,1.1263,0.256906,83061.2
444.725,0.668672,1.12625,0.257014,83048.4
444.724,0.668691,1.12628,0.257037,83039.4
444.724,0.668783,1.12644,0.256916,83057.3
444.724,0.668743,1.12637,0.256969,83049.3
444.724,0.668818,1.12651,0.256846,83066.7
444.724,0.668892,1.12667,0.256755,83081.9
444.724,0.668913,1.12672,0.256739,83085.4
444.724,0.668936,1.12678,0.256722,83089.5
444.724,0.668955,1.12683,0.256709,83093.2
444.724,0.668961,1.12686,0.256707,83091.6
444.724,0.668963,1.12688,0.256706,83089.8
444.724,0.668945,1.12685,0.256718,83084
444.724,0.66888,1.12671,0.256771,83067.7
444.724,0.668802,1.12654,0.256841,83049.8
444.724,0.668776,1.12647,0.256866,83044.2
444.724,0.668789,1.1265,0.256854,83047
444.724,0.668778,1.12648,0.256868,83044.8
444.724,0.668773,1.12646,0.256884,83044.2
444.724,0.668717,1.12626,0.257042,83038.9
444.724,0.668765,1.12643,0.256906,83043.4
444.724,0.668782,1.12647,0.256885,83047.2
444.724,0.668812,1.12654,0.256857,83054.5
444.724,0.668821,1.12656,0.256848,83057.3
444.724,0.668822,1.12656,0.256848,83057.9
444.724,0.668822,1.12656,0.256848,83057.9
444.724,0.668822,1.12656,0.256848,83058.1
444.724,0.668821,1.12656,0.256848,83058.2
444.724,0.668822,1.12656,0.256848,83058.5
444.724,0.668822,1.12656,0.256848,83058.6
444.724,0.668823,1.12657,0.256847,83058.6
444.724,0.668824,1.12657,0.256847,83058.5
444.724,0.668824,1.12657,0.256847,83058.5
444.724,0.668824,1.12657,0.256847,83058.5
444.724,0.668824,1.12657,0.256847,83058.5
444.724,0.668824,1.12657,0.256847,83058.5
444.724,0.668824,1.12657,0.256847,83058.5
444.724,0.668824,1.12657,0.256847,83058.5
444.724,0.668824,1.12657,0.256847,83058.5
444.724,0.668824,1.12657,0.256847,83058.5
444.724,0.668824,1.12657,0.256847,83058.5
444.724,0.668824,1.12657,0.256847,83058.5
444.724,0.668824,1.12657,0.256847,83058.5
444.724,0.668824,1.12657,0.256847,83058.5
444.724,0.668824,1.12657,0.256847,83058.5
444.724,0.668824,1.12657,0.256847,83058.5
444.724,0.668824,1.12657,0.256847,83058.5
444.724,0.668824,1.12657,0.256847,83058.5
444.724,0.668824,1.12657,0.256847,83058.5
444.724,0.668824,1.12657,0.256847,83058.5
444.724,0.668824,1.12657,0.256847,83058.5
444.724,0.668824,1.12657,0.256847,83058.5
444.724,0.668824,1.12657,0.256847,83058.5
444.724,0.668824,1.12657,0.256847,83058.5
444.724,0.668824,1.12657,0.256847,83058.5
444.724,0.668824,1.12657,0.256847,83058.5
444.724,0.668824,1.12657,0.256847,83058.5
444.724,0.668824,1.12657,0.256847,83058.5
444.704,0.668824,1.12657,0.256847,83058.5
444.513,0.668824,1.12657,0.256847,83058.5
443.347,0.668824,1.12657,0.256847,83058.5
6583.95,0.668459,1.11162,0.256871,67528.6
443.347,0.668824,1.12656,0.256847,83054.6
443.346,0.668822,1.12654,0.256848,83052.1
443.345,0.668816,1.12653,0.256853,83044.5
443.34,0.668757,1.12652,0.256905,82968.6
443.331,0.668693,1.12668,0.25699,82866.7
443.316,0.668585,1.1265,0.257103,82721.5
443.289,0.668394,1.12634,0.257302,82483.6
443.242,0.668103,1.12625,0.257685,82065.6
443.2,0.667633,1.12591,0.258395,81337.6
443.244,0.667171,1.12585,0.259098,80712.2
443.186,0.667482,1.12589,0.258625,81132.2
443.21,0.66733,1.12538,0.25887,80923.5
443.182,0.667441,1.12575,0.258691,81075.9
443.176,0.667417,1.12583,0.258766,81020.5
443.166,0.667312,1.12557,0.258866,80915.4
443.157,0.667128,1.12543,0.259004,80760.3
443.152,0.666968,1.12501,0.259147,80599.2
443.15,0.666928,1.12513,0.259258,80514.8
443.147,0.666873,1.12498,0.259311,80487.3
443.143,0.666769,1.12454,0.259398,80443.7
443.134,0.666619,1.12415,0.259574,80376.9
443.12,0.66635,1.12306,0.259883,80261.8
443.097,0.665877,1.12127,0.260464,80060.2
443.097,0.665071,1.11831,0.261331,79737.8
443.085,0.665472,1.11978,0.2609,79898
443.129,0.665,1.11836,0.261303,79725.2
443.083,0.665393,1.11954,0.260967,79868.9
443.08,0.665318,1.11929,0.261039,79843.6
443.074,0.665202,1.11891,0.261171,79810.9
443.064,0.664991,1.1182,0.261416,79753.7
443.051,0.664621,1.11696,0.261845,79653.8
443.054,0.66408,1.11521,0.26238,79498.6
443.044,0.664453,1.11642,0.262011,79605.7
443.041,0.664334,1.11595,0.262147,79574.9
443.036,0.664274,1.1157,0.262222,79560.2
443.009,0.663669,1.1133,0.262976,79413.8
442.956,0.66292,1.11036,0.263908,79231.7
443.93,0.661888,1.10616,0.264831,78791.2
442.954,0.662869,1.11015,0.263954,79209.8
442.949,0.662867,1.11018,0.263943,79178.6
442.94,0.662884,1.11025,0.263941,79132
442.856,0.663055,1.11102,0.26392,78667.5
442.789,0.66371,1.1129,0.264422,77969.6
443.09,0.664683,1.11657,0.263273,78971.1
442.778,0.66386,1.11347,0.264245,78123.3
442.758,0.663987,1.11402,0.263994,78272.4
442.633,0.66524,1.11967,0.261497,79778.8
442.593,0.668302,1.13748,0.25717,81640.1
442.546,0.669135,1.14237,0.256006,82145.6
442.475,0.670578,1.15082,0.254703,81402.1
442.384,0.672012,1.15886,0.253194,80437.8
442.325,0.669943,1.1461,0.253922,85048.8
442.236,0.670618,1.14788,0.254154,83487.7
442.14,0.673302,1.156,0.251399,83851.6
442.122,0.676868,1.16036,0.24525,90779.6
442.095,0.678765,1.16909,0.24346,90199.2
442.058,0.680307,1.17203,0.241249,92170
442.004,0.683492,1.18438,0.238173,91533.1
441.933,0.685647,1.18741,0.235178,93477.5
441.871,0.689666,1.19994,0.230927,93601.9
441.883,0.696786,1.22819,0.223519,95966
441.843,0.692937,1.21281,0.227508,94676.7
441.884,0.696233,1.22365,0.224005,97080.7
441.834,0.69396,1.21617,0.226415,95416.3
441.829,0.694532,1.2168,0.226141,95533.6
441.825,0.694503,1.21584,0.226456,95517.1
441.82,0.694509,1.21577,0.226548,95502.9
441.812,0.694699,1.21697,0.226401,95547.2
441.798,0.694756,1.21782,0.226396,95399.1
441.772,0.69457,1.21794,0.226648,95016.9
441.726,0.694677,1.21928,0.226624,94391.8
441.642,0.694922,1.22162,0.226384,93737
441.519,0.693032,1.21207,0.229249,90422.4
441.41,0.690483,1.1998,0.232776,87662.9
441.598,0.695021,1.22656,0.22788,87110.1
441.38,0.691941,1.20831,0.231199,87485.6
441.638,0.688733,1.19073,0.235977,84602.1
441.378,0.69161,1.20647,0.231689,87182.3
441.376,0.691361,1.20484,0.231966,87105.8
441.372,0.691401,1.20515,0.231925,87064
441.345,0.691792,1.20828,0.231516,86647.7
441.339,0.692462,1.21392,0.231144,85379
441.327,0.692171,1.21146,0.231306,85930.2
441.295,0.69243,1.2137,0.231115,85354.1
442.736,0.677132,1.12628,0.255711,72961.7
441.294,0.691963,1.21083,0.231835,84944.4
441.292,0.691996,1.21099,0.2318,84919.2
441.275,0.692317,1.21267,0.231444,84667.1
441.616,0.694861,1.22842,0.227921,82187.1
441.243,0.693393,1.21869,0.230142,83745.8
441.19,0.695688,1.22936,0.227894,82455.5
441.162,0.697752,1.23827,0.225636,81854.7
441.143,0.700956,1.24945,0.222107,81844.9
441.126,0.701021,1.24916,0.22188,81910.8
441.112,0.702867,1.25335,0.219302,82585.8
441.104,0.703202,1.2533,0.218792,82838.4
441.101,0.703624,1.25399,0.218278,83106.2
441.096,0.704209,1.25546,0.2175,83457.9
441.091,0.705897,1.2597,0.215341,84353.3
441.089,0.706974,1.26236,0.214024,84839
441.087,0.708212,1.26632,0.212708,85263.6
441.086,0.708682,1.26732,0.212325,85248.3
441.086,0.708671,1.26733,0.21252,85004.9
441.085,0.708789,1.26792,0.212447,84990.1
441.085,0.708881,1.26812,0.212411,85006.2
441.085,0.708865,1.26798,0.212454,85008.5
441.085,0.70885,1.26778,0.212491,85026.6
441.084,0.708902,1.26769,0.212437,85073.7
441.084,0.709006,1.268,0.212327,85114.4
441.084,0.709102,1.26834,0.212212,85173.3
441.083,0.709258,1.26889,0.212039,85241.5
441.082,0.709302,1.26903,0.211985,85310.1
441.081,0.70933,1.26919,0.211896,85369.2
441.08,0.709438,1.26923,0.211695,85394.5
441.079,0.70932,1.26862,0.211746,85320.7
441.08,0.70881,1.26674,0.212267,85110.5
441.078,0.709094,1.26778,0.211981,85225.7
441.077,0.709131,1.26777,0.211939,85174.7
441.076,0.708894,1.26674,0.212271,84965.5
441.075,0.708923,1.26672,0.212294,84873.7
441.074,0.709133,1.26767,0.212128,84968.2
441.074,0.709583,1.26971,0.211677,85171.6
441.073,0.709882,1.27094,0.211392,85312.7
441.073,0.710122,1.27194,0.211125,85475
441.072,0.710431,1.27333,0.210786,85634.9
441.072,0.710513,1.27371,0.21072,85650
441.071,0.710363,1.27309,0.210913,85542
441.071,0.710136,1.27218,0.211178,85436.5
441.07,0.709875,1.27099,0.21146,85315.2
441.07,0.709896,1.27104,0.211384,85328.1
441.07,0.709889,1.27103,0.211415,85322.8
441.07,0.709961,1.27126,0.211311,85354.6
441.069,0.710132,1.27176,0.211087,85426.5
441.069,0.710258,1.27212,0.210934,85455.4
441.069,0.710243,1.27197,0.210953,85460.2
441.069,0.710115,1.27141,0.211098,85408.1
441.069,0.709903,1.27054,0.211359,85320.1
441.068,0.709862,1.27041,0.211402,85312.4
441.068,0.709871,1.27054,0.211382,85335.5
441.068,0.709852,1.27059,0.211412,85335.1
441.068,0.70992,1.27086,0.211336,85358.8
441.068,0.710025,1.27121,0.211219,85392
441.068,0.710075,1.2714,0.211163,85394.7
441.068,0.710096,1.27144,0.211143,85395
441.068,0.710081,1.27141,0.211157,85391.9
441.068,0.710086,1.27143,0.21114,85395.6
441.068,0.710083,1.27142,0.211151,85393.2
441.068,0.710074,1.27139,0.211161,85392.7
441.068,0.71005,1.27135,0.211185,85392.5
441.068,0.710053,1.27135,0.211181,85394.1
441.068,0.710057,1.27136,0.21118,85392.4
441.068,0.71006,1.27136,0.211177,85391.4
441.068,0.710059,1.27136,0.211179,85390.9
441.068,0.710057,1.27135,0.21118,85390.8
441.068,0.710057,1.27135,0.211181,85390.9
441.068,0.710057,1.27135,0.211181,85391.1
441.068,0.710057,1.27135,0.211181,85391.1
441.068,0.710057,1.27135,0.211181,85391.1
441.068,0.710057,1.27135,0.211181,85391.1
441.068,0.710056,1.27135,0.211181,85391
441.068,0.710056,1.27135,0.211182,85390.9
441.068,0.710056,1.27135,0.211182,85390.9
441.068,0.710056,1.27135,0.211182,85390.8
441.068,0.710056,1.27135,0.211182,85390.8
441.068,0.710056,1.27135,0.211182,85390.9
441.068,0.710057,1.27135,0.211181,85391
441.068,0.710057,1.27135,0.211181,85391.2
441.068,0.710057,1.27135,0.21118,85391.3
441.068,0.710057,1.27135,0.21118,85391.3
441.068,0.710057,1.27135,0.21118,85391.3
441.068,0.710057,1.27135,0.21118,85391.2
441.068,0.710057,1.27135,0.21118,85391.2
441.068,0.710057,1.27135,0.21118,85391.2
441.068,0.710057,1.27135,0.21118,85391.2
441.068,0.710057,1.27135,0.21118,85391.1
441.068,0.710057,1.27135,0.21118,85391.1
441.068,0.710057,1.27135,0.21118,85391.1
441.068,0.710057,1.27135,0.211181,85391.1
441.068,0.710057,1.27135,0.211181,85391.1
441.068,0.710057,1.27135,0.211181,85391.1
441.068,0.710057,1.27135,0.211181,85391.2
441.068,0.710057,1.27135,0.211181,85391.2
441.068,0.710057,1.27135,0.211181,85391.2
441.068,0.710057,1.27135,0.211181,85391.1
441.068,0.710057,1.27135,0.211181,85391.1
441.068,0.710057,1.27135,0.211181,85391.1
441.068,0.710057,1.27135,0.211181,85391.1
441.068,0.710057,1.27135,0.211181,85391.1
441.068,0.710057,1.27135,0.211181,85391.1
441.068,0.710057,1.27135,0.211181,85391.1
441.068,0.710057,1.27135,0.211181,85391.1
441.068,0.710057,1.27135,0.211181,85391.1
441.068,0.710057,1.27135,0.211181,85391.1
441.068,0.710057,1.27135,0.211181,85391.1
441.068,0.710057,1.27135,0.211181,85391.1
441.068,0.710057,1.27135,0.211181,85391.1
441.068,0.710057,1.27135,0.211181,85391.1
441.068,0.710057,1.27135,0.211181,85391.1
441.068,0.710057,1.27135,0.211181,85391.1
441.068,0.710057,1.27135,0.211181,85391
441.068,0.710056,1.27135,0.211181,85391
441.068,0.710056,1.27135,0.211182,85391
441.068,0.710056,1.27135,0.211182,85390.9
441.068,0.710056,1.27135,0.211182,85390.8
441.068,0.710056,1.27135,0.211182,85390.7
441.068,0.710055,1.27135,0.211182,85390.6
441.068,0.710056,1.27135,0.211182,85390.7
441.068,0.710056,1.27135,0.211182,85390.9
441.068,0.710057,1.27135,0.211181,85391.2
441.068,0.710057,1.27135,0.21118,85391.4
441.068,0.710058,1.27135,0.21118,85391.5
441.068,0.710058,1.27135,0.21118,85391.5
441.068,0.710057,1.27135,0.21118,85391.4
441.068,0.710057,1.27135,0.211181,85391.2
441.068,0.710057,1.27135,0.211181,85391.1
441.068,0.710057,1.27135,0.211181,85391.1
441.068,0.710057,1.27135,0.211181,85391.1
441.068,0.710057,1.27135,0.211181,85391.1
441.068,0.710057,1.27135,0.211181,85391.1
441.068,0.710057,1.27135,0.211181,85391.1
441.068,0.710057,1.27135,0.211181,85391.1
441.068,0.710057,1.27135,0.211181,85391.1
441.068,0.710057,1.27135,0.211181,85391.1
441.068,0.710057,1.27135,0.211181,85391
441.068,0.710057,1.27135,0.211181,85391
441.068,0.710057,1.27135,0.211181,85390.9
441.068,0.710057,1.27135,0.211181,85390.9
441.068,0.710057,1.27135,0.211181,85390.8
441.068,0.710057,1.27135,0.211181,85390.7
441.068,0.710056,1.27135,0.211181,85390.6
441.068,0.710056,1.27135,0.211181,85390.6
441.068,0.710057,1.27135,0.211181,85390.7
441.068,0.710057,1.27135,0.211181,85390.9
441.068,0.710057,1.27135,0.211181,85391.1
441.068,0.710057,1.27135,0.211181,85391.1
441.068,0.710057,1.27135,0.211181,85391.1
441.068,0.710057,1.27135,0.211181,85391.1
441.068,0.710057,1.27135,0.211181,85391.1
441.068,0.710057,1.27135,0.211181,85391.1
441.068,0.710057,1.27135,0.211181,85391.1
441.068,0.710057,1.27135,0.211181,85391.1
441.068,0.710057,1.27135,0.211181,85391.1
441.068,0.710057,1.27135,0.211181,85391.1
441.068,0.710057,1.27135,0.211181,85391.1
441.068,0.710057,1.27135,0.211181,85391.1
441.068,0.710057,1.27135,0.211181,85391.1
441.068,0.710057,1.27135,0.211181,85391.1
441.068,0.710057,1.27135,0.211181,85391.1
441.068,0.710057,1.27135,0.211181,85391.1
441.068,0.710057,1.27135,0.211181,85391.1
441.068,0.710057,1.27135,0.211181,85391.1
441.068,0.710057,1.27135,0.211181,85391.1
441.068,0.710057,1.27135,0.211181,85391.1
441.068,0.710057,1.27135,0.211181,85391.1
441.068,0.710057,1.27135,0.211181,85391.1
441.068,0.710057,1.27135,0.211181,85391.1
441.068,0.710057,1.27135,0.211181,85391.1
441.068,0.710057,1.27135,0.211181,85391.1
441.068,0.710057,1.27135,0.211181,85391.1
441.068,0.710057,1.27135,0.211181,85391.1
441.068,0.710057,1.27135,0.211181,85391.1
441.068,0.710057,1.27135,0.211181,85391.1
441.068,0.710057,1.27135,0.211181,85391.1
441.068,0.710057,1.27135,0.211181,85391.1
441.068,0.710057,1.27135,0.211181,85391.1
441.068,0.710057,1.27135,0.211181,85391.1
441.068,0.710057,1.27135,0.211181,85391.1
441.068,0.710057,1.27135,0.211181,85391.1
441.068,0.710057,1.27135,0.211181,85391.1
441.068,0.710057,1.27135,0.211181,85391.1
441.068,0.710057,1.27135,0.211181,85391.1
441.068,0.710057,1.27135,0.211181,85391.1
441.068,0.710057,1.27135,0.211181,85391.1
441.068,0.710057,1.27135,0.211181,85391.1
441.069,0.710058,1.2714,0.211182,85399
441.068,0.710057,1.27135,0.211181,85391.1
441.068,0.710057,1.27135,0.211181,85391.1
441.068,0.710057,1.27135,0.211181,85391.1
441.068,0.710057,1.27135,0.211181,85391.1
441.068,0.710057,1.27135,0.211181,85391.2
441.068,0.710057,1.27135,0.211181,85391.3
441.068,0.710057,1.27135,0.211181,85391.4
441.068,0.710057,1.27135,0.211181,85391.5
441.068,0.710057,1.27135,0.211181,85391.5
441.068,0.710057,1.27135,0.21118,85391.3
441.068,0.710057,1.27135,0.211181,85391.4
441.068,0.710057,1.27135,0.21118,85391.3
441.068,0.710057,1.27135,0.211181,85391.4
441.068,0.710057,1.27135,0.21118,85391.3
441.068,0.710057,1.27135,0.211181,85391.4
441.068,0.710057,1.27135,0.211181,85391.3
441.068,0.710057,1.27135,0.211181,85391.4
441.068,0.710057,1.27135,0.211181,85391.3
441.068,0.710057,1.27135,0.211181,85391.3
441.068,0.710057,1.27135,0.211181,85391.3
441.068,0.710057,1.27135,0.211181,85391.3
441.068,0.710057,1.27135,0.211181,85391.2
441.068,0.710057,1.27135,0.211181,85391.1
441.068,0.710057,1.27135,0.211181,85391.1
441.068,0.710057,1.27135,0.211181,85391
441.068,0.710057,1.27135,0.211181,85391
441.068,0.710057,1.27135,0.211181,85391
441.068,0.710057,1.27135,0.211181,85390.9
441.068,0.710057,1.27135,0.211181,85390.9
441.068,0.710057,1.27135,0.211181,85390.9
441.068,0.710057,1.27135,0.211181,85390.9
441.068,0.710057,1.27135,0.211181,85390.9
441.068,0.710057,1.27135,0.211181,85390.9
441.068,0.710057,1.27135,0.211181,85390.9
441.068,0.710057,1.27135,0.211181,85390.9
441.068,0.710057,1.27135,0.211181,85391
441.068,0.710057,1.27135,0.211181,85390.9
441.068,0.710057,1.27135,0.211181,85390.9
441.068,0.710057,1.27135,0.211181,85390.9
441.068,0.710057,1.27135,0.211181,85391.1
441.068,0.710057,1.27135,0.211181,85391.2
441.068,0.710057,1.27135,0.211181,85391.2
441.068,0.710057,1.27135,0.211181,85391.2
441.068,0.710057,1.27135,0.211181,85391.2
441.068,0.710057,1.27135,0.211181,85391.2
441.068,0.710057,1.27135,0.211181,85391.4
441.068,0.710057,1.27135,0.211181,85391.5
441.068,0.710057,1.27135,0.21118,85391.7
441.068,0.710057,1.27135,0.211181,85391.6
441.068,0.710057,1.27135,0.211181,85391.6
441.068,0.710058,1.27135,0.211179,85392
441.068,0.710061,1.27136,0.211177,85392.6
441.068,0.710061,1.27136,0.211177,85393
441.068,0.710061,1.27136,0.211176,85393.2
441.068,0.710063,1.27137,0.211174,85395.2
441.068,0.710065,1.27138,0.211172,85396.8
441.068,0.710067,1.27139,0.211171,85395.9
441.068,0.710066,1.27138,0.21117,85397.9
441.068,0.710055,1.2713,0.211178,85416.6
441.068,0.710068,1.27139,0.211174,85390.1
441.068,0.710059,1.27133,0.211176,85407.2
441.068,0.710061,1.27134,0.211174,85412.4
441.068,0.71006,1.27134,0.211175,85409.7
441.068,0.71006,1.27134,0.211174,85412
441.068,0.710058,1.27135,0.211176,85404.6
441.068,0.710051,1.27132,0.211181,85407.5
441.068,0.710056,1.27134,0.211178,85405.7
441.068,0.710052,1.27131,0.21118,85409.6
441.068,0.710054,1.27132,0.211179,85407.7
441.068,0.710054,1.27133,0.21118,85404.5
441.068,0.710053,1.27133,0.211181,85405.3
441.068,0.710056,1.27135,0.211177,85406.2
441.068,0.710059,1.27136,0.211175,85407.1
441.068,0.710059,1.27136,0.211175,85405.9
441.068,0.710061,1.27138,0.211176,85403.6
441.068,0.710068,1.27142,0.211169,85408.7
441.068,0.710092,1.27156,0.211151,85399.1
441.068,0.710095,1.27156,0.211148,85405.4
441.068,0.710095,1.27154,0.211153,85396.5
441.068,0.710092,1.2715,0.211156,85398
441.068,0.710103,1.27158,0.211139,85402.9
441.068,0.710096,1.27153,0.211149,85400
441.068,0.710096,1.27154,0.211146,85401.1
441.068,0.710093,1.27152,0.21115,85391.4
441.068,0.710088,1.27149,0.211151,85395.1
441.068,0.710089,1.27151,0.211147,85394
441.068,0.710088,1.2715,0.211149,85394.6
441.068,0.71009,1.27151,0.211146,85395.6
441.068,0.710084,1.27148,0.211154,85392.2
441.068,0.710084,1.27148,0.211154,85392.4
441.068,0.710086,1.2715,0.211152,85394.6
441.068,0.710055,1.2713,0.211194,85379.5
441.068,0.710079,1.27145,0.211162,85391.2
441.068,0.71008,1.27146,0.211161,85391.8
441.068,0.710085,1.27151,0.211158,85398.4
441.068,0.710093,1.27159,0.211152,85408.2
441.068,0.710106,1.27169,0.211143,85420.1
441.068,0.710091,1.27171,0.211164,85426.8
441.068,0.71031,1.2725,0.210936,85500.4
441.068,0.710275,1.27253,0.210984,85513.1
441.068,0.710294,1.27275,0.210974,85542.8
441.067,0.710269,1.2728,0.21101,85557.7
441.067,0.710269,1.27283,0.211013,85564.5
441.067,0.710169,1.27226,0.211102,85504.1
441.066,0.710099,1.27166,0.211146,85429.1
441.066,0.710066,1.27129,0.211166,85381.5
441.066,0.710068,1.27133,0.211166,85387.1
441.066,0.710075,1.2714,0.211161,85395
441.068,0.71014,1.27204,0.211118,85473.8
441.066,0.710088,1.27152,0.211153,85410
441.066,0.710079,1.27143,0.211159,85399
441.066,0.710077,1.27142,0.21116,85397.1
441.066,0.710076,1.27141,0.21116,85396.2
441.066,0.710076,1.27141,0.211161,85396.3
441.066,0.710076,1.27141,0.211161,85396.6
441.066,0.710077,1.27141,0.211161,85396.8
441.066,0.710077,1.27142,0.211161,85397
441.066,0.710077,1.27142,0.211161,85397.3
441.066,0.710077,1.27142,0.211161,85397.6
441.066,0.710077,1.27142,0.211161,85398.1
441.066,0.710077,1.27143,0.211161,85398.7
441.066,0.710077,1.27143,0.211161,85399.4
441.066,0.710077,1.27144,0.211162,85400.2
441.066,0.710077,1.27144,0.211161,85400.3
441.066,0.710077,1.27144,0.211161,85399.6
441.066,0.710078,1.27143,0.21116,85398.1
441.066,0.710078,1.27142,0.211159,85397.1
441.066,0.710078,1.27142,0.211159,85396.8
441.066,0.710078,1.27142,0.211159,85396.9
441.066,0.710078,1.27142,0.211159,85396.9
441.066,0.710078,1.27142,0.211159,85396.9
441.066,0.710078,1.27142,0.211159,85396.9
441.066,0.710078,1.27142,0.211159,85397
441.066,0.710078,1.27142,0.211159,85397.1
441.066,0.710078,1.27142,0.211159,85397.2
441.066,0.710078,1.27142,0.21116,85397.4
441.066,0.710078,1.27142,0.21116,85397.7
441.066,0.710078,1.27142,0.21116,85398
441.066,0.710078,1.27142,0.21116,85398.2
441.066,0.710078,1.27142,0.21116,85398.2
441.066,0.710078,1.27142,0.21116,85397.9
441.066,0.710078,1.27142,0.211159,85397.3
441.066,0.710078,1.27142,0.211159,85397
441.066,0.710078,1.27142,0.211159,85396.9
441.066,0.710078,1.27142,0.211159,85396.9
441.066,0.710078,1.27142,0.211159,85396.9
441.066,0.710078,1.27142,0.211159,85396.9
441.066,0.710078,1.27142,0.211159,85396.9
441.066,0.710078,1.27142,0.211159,85396.9
441.066,0.710078,1.27142,0.211159,85396.9
589.322,0.710078,1.27142,0.211159,85396.9
589.302,0.710085,1.27143,0.211159,85396.9
589.106,0.710154,1.27155,0.211159,85396.9
587.524,0.710852,1.2728,0.211159,85396.9
584.586,0.712116,1.27515,0.211159,85672.1
579.606,0.71385,1.28011,0.210905,85797.3
570.618,0.716473,1.28689,0.210061,85848.5
557.097,0.721789,1.29656,0.208249,85793.1
565.442,0.731787,1.33364,0.205896,86022.7
551.572,0.725641,1.31103,0.207303,85885
567.243,0.728868,1.30553,0.206398,86156
550.428,0.726298,1.30986,0.207115,85941
550.575,0.726617,1.31033,0.207253,86188.7
549.891,0.726448,1.31008,0.20718,86057.3
549.183,0.726663,1.30934,0.207357,86253.4
547.987,0.726481,1.30792,0.207612,86549.5
545.704,0.726075,1.30256,0.207977,87052.8
534.793,0.722006,1.25132,0.211664,92250.6
516.656,0.718613,1.2087,0.216033,98450.1
499.317,0.712593,1.16017,0.22179,107480
527.167,0.704394,1.07037,0.226048,115955
494.314,0.710246,1.13315,0.223006,109850
494.075,0.708183,1.1287,0.225568,112845
491.745,0.709188,1.1308,0.224317,111376
489.305,0.707679,1.12108,0.226231,113166
486.028,0.706231,1.11173,0.228247,114903
481.207,0.704082,1.10326,0.230716,116919
486.185,0.699314,1.07611,0.232222,118175
479.613,0.702511,1.09418,0.231213,117333
477.819,0.700931,1.09097,0.231335,117358
477.974,0.698685,1.0833,0.231307,116192
476.961,0.699858,1.08729,0.231322,116799
475.421,0.699676,1.08663,0.231784,116249
474.962,0.699344,1.08607,0.23241,114630
476.49,0.698629,1.08608,0.231859,112400
474.875,0.69921,1.08607,0.232307,114210
474.738,0.699377,1.08733,0.232319,113572
474.544,0.69948,1.0888,0.232298,112390
474.505,0.699969,1.09229,0.232585,110498
474.421,0.700034,1.09308,0.232647,109815
474.273,0.700201,1.0946,0.232818,108621
474.087,0.70054,1.09727,0.233257,106582
474,0.700956,1.10155,0.233627,103151
473.945,0.701049,1.10261,0.233657,102465
473.87,0.701256,1.10424,0.233746,101485
473.781,0.701703,1.10737,0.233812,99647.4
473.624,0.702166,1.11087,0.233835,97695.9
473.413,0.702566,1.11427,0.233978,95181
473.446,0.703173,1.118,0.234463,92333.2
473.313,0.702852,1.11602,0.234206,93829.2
473.132,0.702776,1.1154,0.234356,93742.2
473.373,0.702707,1.11459,0.234519,93876.7
473.078,0.702755,1.11515,0.234405,93782.8
472.974,0.702742,1.11499,0.234265,94093.8
472.866,0.702738,1.11476,0.234078,94747
472.704,0.702619,1.1152,0.233858,95867.2
472.473,0.7034,1.12221,0.233102,95557.2
472.15,0.704149,1.13256,0.233589,92998.1
471.628,0.704034,1.1397,0.235161,89864.4
471.884,0.70188,1.14126,0.238707,87475.5
471.396,0.703112,1.14034,0.236684,88826.5
471.465,0.700211,1.12816,0.239133,92087.2
471.294,0.701826,1.13491,0.23777,90261.7
471.364,0.699419,1.12325,0.240484,90865.2
471.255,0.700946,1.13062,0.238761,90482.4
471.208,0.69884,1.12224,0.24154,89767.4
471.147,0.696226,1.11108,0.245061,88490.1
471.042,0.693504,1.10113,0.248638,86945.1
470.853,0.689752,1.08814,0.253451,84724.3
470.516,0.683654,1.07036,0.261225,82058.3
470.401,0.674872,1.0454,0.271522,81126.5
470.283,0.678251,1.05491,0.26754,81481.6
470.466,0.676668,1.06256,0.271492,76235.8
470.199,0.677675,1.0577,0.268984,79515
470.076,0.676682,1.05572,0.27025,79198.2
469.911,0.675696,1.05582,0.271879,77493.6
469.663,0.674904,1.05789,0.2732,75616.9
469.249,0.672655,1.05404,0.274878,75953.4
468.815,0.678001,1.08466,0.266188,79778.4
468.41,0.687265,1.13402,0.254587,80528.2
467.813,0.692379,1.16032,0.247071,83733.4
466.88,0.694572,1.17036,0.24447,83268.9
465.418,0.695898,1.17204,0.242581,83347.6
463.38,0.69221,1.15847,0.245779,83280.6
463.244,0.677445,1.08379,0.263794,81098.3
462.302,0.68438,1.11786,0.25526,82106.8
460.867,0.681292,1.09973,0.259091,81885.2
458.411,0.681875,1.09797,0.257795,82205.3
457.403,0.710569,1.25913,0.218174,95766
456.077,0.712929,1.26891,0.215632,96261.5
453.756,0.715177,1.27744,0.212765,98062.3
450.296,0.711141,1.25569,0.215832,96752.1
447.387,0.701451,1.20007,0.224486,96776.3
448.359,0.712391,1.23945,0.214251,94846.6
446.473,0.706143,1.21571,0.220106,95956.4
445.508,0.694954,1.15369,0.2337,92397.6
444.549,0.703264,1.19496,0.221872,100567
443.734,0.698701,1.18095,0.226468,97177.8
443.194,0.706257,1.21819,0.218829,95693.6
442.928,0.707644,1.22516,0.219208,89530.4
442.559,0.711233,1.24927,0.215527,88129.7
442.441,0.720584,1.30475,0.204301,89990.3
442.249,0.71874,1.29786,0.206412,88668.9
442.021,0.71637,1.28226,0.20876,88701.3
441.866,0.712672,1.27044,0.212458,86425.4
441.737,0.712659,1.27232,0.212175,86147.4
441.549,0.713588,1.27792,0.210239,87541
441.386,0.711627,1.2715,0.211108,87519.9
441.313,0.711918,1.2771,0.210335,87886
441.266,0.709736,1.26861,0.212478,86659.1
441.228,0.708711,1.26523,0.21357,85872.7
441.21,0.708513,1.26598,0.213784,85476.5
441.187,0.707871,1.26368,0.214463,84933
441.173,0.706888,1.25985,0.215507,84499.2
441.163,0.706468,1.25841,0.215952,84305.3
441.15,0.705946,1.25643,0.216485,84223.7
441.137,0.705471,1.25574,0.216758,84560
441.129,0.705208,1.25539,0.21692,84692.7
441.118,0.705307,1.25745,0.216621,84925.9
441.111,0.705503,1.25913,0.216366,84905.6
441.105,0.706562,1.26487,0.215303,84703.9
441.1,0.706547,1.26456,0.215422,84450.3
441.095,0.706638,1.26388,0.215483,84189.3
441.091,0.706653,1.26319,0.215513,84094
441.089,0.70682,1.26312,0.215297,84396.4
441.087,0.706861,1.26277,0.215128,84767.2
441.085,0.706938,1.26265,0.214904,85197
441.082,0.70712,1.26288,0.214698,85322.7
441.08,0.70737,1.26372,0.214519,85099.9
441.079,0.707593,1.26436,0.214465,84749.9
441.077,0.707808,1.26541,0.214363,84437.2
441.076,0.708015,1.26626,0.214161,84466.2
441.076,0.708133,1.26652,0.213999,84640.8
441.075,0.708297,1.26696,0.213732,84952.8
441.074,0.708377,1.26696,0.213547,85222.6
441.073,0.708429,1.26695,0.213446,85291.4
441.073,0.708538,1.2673,0.213336,85228.8
441.072,0.708623,1.26763,0.213288,85062.7
441.072,0.708857,1.26863,0.213081,84987.4
441.071,0.709037,1.2693,0.212893,85015.5
441.071,0.709344,1.27041,0.212538,85170.9
441.07,0.7095,1.27084,0.212306,85354.4
441.07,0.709696,1.27133,0.212037,85481.2
441.07,0.709745,1.27138,0.211932,85489.4
441.069,0.709796,1.27141,0.211864,85385.7
441.069,0.709833,1.27152,0.211825,85276.9
441.069,0.709899,1.27167,0.211753,85253.2
441.069,0.709947,1.27173,0.211686,85299.5
441.068,0.710021,1.27178,0.211576,85401.3
441.068,0.710055,1.27162,0.211501,85504.4
441.068,0.71012,1.27161,0.211397,85562.1
441.068,0.710135,1.27153,0.211368,85534.2
441.068,0.710215,1.27177,0.211271,85480
441.068,0.710276,1.27205,0.2112,85401
441.067,0.710373,1.27248,0.211076,85378.7
441.067,0.710406,1.2727,0.211014,85410
441.067,0.710383,1.27267,0.211,85478.3
441.067,0.710273,1.27235,0.211079,85533.2
441.067,0.710124,1.27186,0.211208,85526.1
441.067,0.709992,1.27145,0.211343,85450.5
441.067,0.709946,1.2713,0.211388,85362.2
441.066,0.709927,1.27125,0.211411,85288.1
441.066,0.709967,1.27136,0.211347,85256.8
441.066,0.709992,1.27136,0.211297,85287.2
441.066,0.710003,1.27132,0.211256,85351.3
441.066,0.709984,1.27118,0.211265,85391
441.066,0.709958,1.27106,0.211291,85401.8
441.066,0.709936,1.27095,0.211321,85388.4
441.066,0.709925,1.27093,0.21134,85363.5
441.066,0.709933,1.27097,0.211337,85340.3
441.066,0.70996,1.27108,0.211307,85334.9
441.066,0.709995,1.27119,0.211263,85353.5
441.066,0.710013,1.27125,0.211237,85375.3
441.066,0.710023,1.27126,0.211222,85391
441.066,0.710028,1.27126,0.211215,85401.5
441.066,0.710034,1.27127,0.21121,85404.5
441.066,0.710039,1.27128,0.211208,85398.2
441.066,0.710049,1.27132,0.211201,85390.2
441.066,0.710059,1.27137,0.211192,85386
441.066,0.71007,1.27141,0.211179,85388.8
441.066,0.710079,1.27144,0.211167,85395.3
441.066,0.710088,1.27146,0.211155,85403.5
441.066,0.710095,1.27147,0.211145,85411.4
441.066,0.710103,1.27149,0.211136,85417.6
441.066,0.710106,1.2715,0.211133,85417.9
441.066,0.710106,1.2715,0.211137,85410.8
441.066,0.710101,1.2715,0.211144,85401.6
441.066,0.710099,1.27151,0.211147,85396.3
441.066,0.710099,1.27151,0.211145,85396.3
441.066,0.710101,1.27152,0.21114,85399.8
441.066,0.710101,1.27152,0.211137,85403.3
441.066,0.7101,1.2715,0.211137,85405
441.066,0.710094,1.27148,0.211142,85403.6
441.066,0.710087,1.27145,0.21115,85400.1
441.066,0.710082,1.27143,0.211156,85397.4
441.066,0.710081,1.27143,0.211158,85396.8
441.066,0.71008,1.27142,0.211158,85397.2
441.066,0.710081,1.27142,0.211157,85397.9
441.066,0.710081,1.27142,0.211156,85398.6
441.066,0.710082,1.27142,0.211155,85398.9
441.066,0.710082,1.27142,0.211155,85398.7
441.066,0.710082,1.27142,0.211155,85398.2
441.066,0.710081,1.27143,0.211156,85397.9
441.066,0.710081,1.27143,0.211156,85397.8
441.066,0.710081,1.27143,0.211157,85397.6
441.066,0.71008,1.27142,0.211157,85397.5
441.066,0.710079,1.27142,0.211158,85397.2
441.066,0.710079,1.27142,0.211158,85397
441.066,0.710078,1.27142,0.211159,85396.9
441.066,0.710078,1.27142,0.211159,85396.9
441.066,0.710078,1.27142,0.211159,85396.9
441.066,0.710078,1.27142,0.211159,85397
441.066,0.710078,1.27142,0.211159,85397
441.066,0.710078,1.27142,0.211159,85397
441.066,0.710078,1.27142,0.211159,85397
441.066,0.710078,1.27142,0.211159,85397
441.066,0.710078,1.27142,0.211159,85396.9
441.066,0.710078,1.27142,0.211159,85396.9
441.066,0.710078,1.27142,0.211159,85396.9
441.066,0.710078,1.27142,0.211159,85396.9
441.066,0.710078,1.27142,0.211159,85396.9
441.066,0.710078,1.27142,0.211159,85396.9
441.066,0.710078,1.27142,0.211159,85396.9
441.066,0.710078,1.27142,0.211159,85396.9
441.066,0.710078,1.27142,0.211159,85396.9
441.066,0.710078,1.27142,0.211159,85396.9
441.066,0.710078,1.27142,0.211159,85396.9
441.066,0.710078,1.27142,0.211159,85396.9
441.066,0.710078,1.27142,0.211159,85396.8
441.066,0.710078,1.27142,0.211159,85396.8
441.066,0.710078,1.27142,0.211159,85396.8
441.066,0.710078,1.27142,0.211159,85396.7
441.066,0.710078,1.27142,0.211159,85396.7
441.066,0.710078,1.27142,0.211159,85396.7
441.066,0.710078,1.27142,0.211159,85396.7
441.066,0.710078,1.27142,0.211159,85396.8
441.066,0.710078,1.27142,0.211159,85396.9
441.066,0.710078,1.27142,0.211159,85396.9
441.066,0.710078,1.27142,0.211159,85396.9
441.066,0.710078,1.27142,0.211159,85396.9
441.066,0.710078,1.27142,0.211159,85396.9
441.066,0.710078,1.27142,0.211159,85396.9
441.066,0.710078,1.27142,0.211159,85396.9
441.066,0.710078,1.27142,0.211159,85396.9
441.066,0.710078,1.27142,0.211159,85396.9
441.066,0.710078,1.27142,0.211159,85396.9
441.066,0.710078,1.27142,0.211159,85396.9
441.066,0.710078,1.27142,0.211159,85396.9
441.066,0.710078,1.27142,0.211159,85396.9
441.066,0.710078,1.27142,0.211159,85396.9
441.066,0.710078,1.27142,0.211159,85396.9
441.066,0.710078,1.27142,0.211159,85396.9
441.066,0.710078,1.27142,0.211159,85396.9
441.066,0.710078,1.27142,0.211159,85396.9
441.066,0.710078,1.27142,0.211159,85396.9
441.066,0.710078,1.27142,0.211159,85396.9
441.066,0.710078,1.27142,0.211159,85396.9
441.066,0.710078,1.27142,0.211159,85396.9
441.066,0.710078,1.27142,0.211159,85396.9
441.066,0.710078,1.27142,0.211159,85396.9
441.066,0.710078,1.27142,0.211159,85396.9
441.066,0.710078,1.27142,0.211159,85396.9
441.066,0.710078,1.27142,0.211159,85396.9
441.066,0.710078,1.27142,0.211159,85396.9
441.066,0.710078,1.27142,0.211159,85396.9
441.066,0.710078,1.27142,0.211159,85396.9
441.066,0.710078,1.27142,0.211159,85396.9
441.066,0.710078,1.27142,0.211159,85396.9
441.066,0.710078,1.27142,0.211159,85396.9
441.066,0.710078,1.27142,0.211159,85396.9
441.066,0.710078,1.27142,0.211159,85396.9
441.066,0.710078,1.27142,0.211159,85396.9
441.066,0.710078,1.27142,0.211159,85396.9
441.066,0.710078,1.27142,0.211159,85396.9
441.066,0.71008,1.27142,0.211159,85396.9
441.066,0.710075,1.27141,0.211159,85396.9
441.066,0.710078,1.27142,0.211159,85396.9
441.066,0.710077,1.27142,0.211159,85396.9
441.066,0.710078,1.27142,0.211159,85396.9
441.066,0.710078,1.27142,0.211159,85396.9
441.066,0.710078,1.27142,0.211159,85396.9
441.066,0.710078,1.27142,0.211159,85396.9
441.066,0.710078,1.27142,0.211159,85396.9
441.066,0.710078,1.27142,0.211159,85396.9
441.066,0.710078,1.27142,0.211159,85396.9
441.066,0.710078,1.27142,0.211159,85396.9
441.066,0.710078,1.27142,0.211159,85396.9
441.066,0.710078,1.27142,0.211159,85396.9
441.066,0.710078,1.27142,0.211159,85396.9
441.066,0.710078,1.27142,0.211159,85396.9
441.066,0.710078,1.27142,0.211159,85396.9
441.066,0.710078,1.27142,0.211159,85396.9
441.066,0.710078,1.27142,0.211159,85396.9
441.066,0.710078,1.27142,0.211159,85396.9
441.066,0.710078,1.27142,0.211159,85396.9
441.066,0.710078,1.27142,0.211159,85396.9
441.066,0.710078,1.27142,0.211159,85396.9
441.066,0.710078,1.27142,0.211159,85396.9
441.068,0.710078,1.27142,0.211159,85406.9
441.068,0.710078,1.27142,0.211159,85386.9
441.066,0.710078,1.27142,0.211159,85397.9
441.066,0.710078,1.27142,0.211159,85395.9
441.066,0.710078,1.27142,0.211159,85396.9
441.066,0.710078,1.27142,0.211159,85396.9
441.066,0.710078,1.27142,0.211159,85396.9
441.066,0.710078,1.27142,0.211159,85396.9
441.066,0.710078,1.27142,0.211159,85396.9
441.066,0.710078,1.27142,0.211159,85396.9
441.066,0.710078,1.27142,0.211159,85396.9
441.066,0.710078,1.27142,0.211159,85396.9
441.066,0.710078,1.27142,0.211159,85396.9
441.066,0.710078,1.27142,0.211159,85396.9
441.066,0.710078,1.27142,0.211159,85396.9
441.066,0.710078,1.27142,0.211159,85396.9
441.066,0.710078,1.27142,0.211159,85396.9
441.066,0.710078,1.27142,0.211159,85396.9
441.066,0.710078,1.27142,0.211159,85396.9
441.066,0.710078,1.27142,0.211159,85396.9
441.066,0.710078,1.27141,0.211159,85396.5
441.066,0.710078,1.27142,0.211159,85397.4
441.066,0.710078,1.27142,0.211159,85396.9
441.066,0.710078,1.27142,0.211159,85397
441.066,0.710078,1.27141,0.211159,85396.5
441.066,0.710078,1.27142,0.211159,85397.4
441.066,0.710078,1.27142,0.211159,85396.9
441.066,0.710078,1.27142,0.211159,85397
441.066,0.710078,1.27141,0.211159,85396.5
441.066,0.710078,1.27142,0.211159,85397.4
441.066,0.710078,1.27142,0.211159,85396.9
441.066,0.710078,1.27142,0.211159,85397
441.066,0.710078,1.27141,0.211159,85396.5
441.066,0.710078,1.27142,0.211159,85397.4
441.066,0.710078,1.27142,0.211159,85396.9
441.066,0.710078,1.27142,0.211159,85397
441.066,0.710078,1.27141,0.211159,85396.5
441.066,0.710078,1.27142,0.211159,85397.4
441.066,0.710078,1.27142,0.211159,85396.9
441.066,0.710078,1.27142,0.211159,85397
441.066,0.710078,1.27141,0.211159,85396.5
441.066,0.710078,1.27142,0.211159,85397.4
441.066,0.710078,1.27142,0.211159,85396.9
441.066,0.710078,1.27142,0.211159,85397
441.066,0.710078,1.27141,0.211159,85396.5
441.066,0.710078,1.27142,0.211159,85397.4
441.066,0.710078,1.27142,0.211159,85396.9
441.066,0.710078,1.27142,0.211159,85397
441.066,0.710078,1.27141,0.211159,85396.5
441.066,0.710078,1.27142,0.211159,85397.4
441.066,0.710078,1.27142,0.211159,85396.9
441.066,0.710078,1.27142,0.211159,85397
441.066,0.710078,1.27141,0.211159,85396.5
441.066,0.710078,1.27142,0.211159,85397.4
441.066,0.710078,1.27142,0.211159,85396.9
441.066,0.710078,1.27142,0.211159,85397
441.066,0.710078,1.27141,0.211159,85396.5
441.066,0.710078,1.27142,0.211159,85397.4
441.066,0.710078,1.27142,0.211159,85396.9
441.066,0.710078,1.27142,0.211159,85397
441.066,0.710078,1.27141,0.211159,85396.5
441.066,0.710078,1.27142,0.211159,85397.4
441.066,0.710078,1.27142,0.211159,85396.9
441.066,0.710078,1.27142,0.211159,85397
441.066,0.710078,1.27141,0.211159,85396.5
441.066,0.710078,1.27142,0.211159,85397.4
441.066,0.710078,1.27142,0.211159,85396.9
441.066,0.710078,1.27142,0.211159,85397
441.066,0.710078,1.27141,0.211159,85396.5
441.066,0.710078,1.27142,0.211159,85397.4
441.066,0.710078,1.27142,0.211159,85396.9
441.066,0.710078,1.27142,0.211159,85397
441.066,0.710078,1.27141,0.211159,85396.5
441.066,0.710078,1.27142,0.211159,85397.4
441.066,0.710078,1.27142,0.211159,85396.9
441.066,0.710078,1.27142,0.211159,85397
441.066,0.710078,1.27141,0.211159,85396.5
441.066,0.710078,1.27142,0.211159,85397.4
441.066,0.710078,1.27142,0.211159,85396.9
441.066,0.710078,1.27142,0.211159,85397
441.066,0.710078,1.27141,0.211159,85396.5
441.066,0.710078,1.27142,0.211159,85397.4
441.066,0.710078,1.27142,0.211159,85396.9
441.066,0.710078,1.27142,0.211159,85397
441.066,0.710078,1.27141,0.211159,85396.5
441.066,0.710078,1.27142,0.211159,85397.4
441.066,0.710078,1.27142,0.211159,85396.9
441.066,0.710078,1.27142,0.211159,85397
441.066,0.710078,1.27141,0.211159,85396.5
441.066,0.710078,1.27142,0.211159,85397.4
441.066,0.710078,1.27142,0.211159,85396.9
441.066,0.710078,1.27142,0.211159,85397
441.066,0.710078,1.27141,0.211159,85396.5
441.066,0.710078,1.27142,0.211159,85397.4
441.066,0.710078,1.27142,0.211159,85396.9
441.066,0.710078,1.27142,0.211159,85397
441.066,0.710078,1.27141,0.211159,85396.5
441.066,0.710078,1.27142,0.211159,85397.4
441.066,0.710078,1.27142,0.211159,85396.9
441.066,0.710078,1.27142,0.211159,85397
441.066,0.710078,1.27141,0.211159,85396.5
441.066,0.710078,1.27142,0.211159,85397.4
441.066,0.710078,1.27142,0.211159,85396.9
441.066,0.710078,1.27142,0.211159,85397
441.066,0.710077,1.27141,0.211159,85396.5
441.066,0.710078,1.27142,0.211159,85397.4
441.066,0.710078,1.27142,0.211159,85396.9
441.066,0.710078,1.27142,0.211159,85397
441.066,0.710077,1.27141,0.211159,85396.5
441.066,0.710078,1.27142,0.211159,85397.4
441.066,0.710078,1.27142,0.211159,85396.9
441.066,0.710078,1.27142,0.211159,85397
441.066,0.710076,1.27141,0.211159,85396.5
441.066,0.710079,1.27142,0.211159,85397.4
441.066,0.710078,1.27142,0.211159,85396.9
441.066,0.710078,1.27142,0.211159,85397
441.066,0.710075,1.27142,0.211159,85396.5
441.066,0.710081,1.27142,0.211159,85397.4
441.066,0.710077,1.27142,0.211159,85396.9
441.066,0.710078,1.27142,0.211159,85397
441.066,0.710076,1.27142,0.211159,85396.5
441.066,0.710079,1.27141,0.211159,85397.4
441.066,0.710078,1.27142,0.211159,85396.9
441.066,0.710078,1.27142,0.211159,85397
441.066,0.710075,1.27146,0.211159,85396.5
441.066,0.71008,1.27138,0.211159,85397.4
441.066,0.710077,1.27142,0.211159,85396.9
441.066,0.710078,1.27141,0.211159,85397
441.066,0.710088,1.27154,0.211159,85396.5
441.066,0.710068,1.27129,0.211159,85397.4
441.066,0.710079,1.27143,0.211159,85396.9
441.066,0.710077,1.2714,0.211159,85397
441.066,0.710078,1.27141,0.211159,85409.9
441.066,0.710078,1.27142,0.211159,85384
441.066,0.710078,1.27142,0.211159,85398.2
441.066,0.710078,1.27142,0.211159,85395.6
441.066,0.710078,1.27142,0.211159,85396.9
441.066,0.710078,1.27142,0.211159,85396.9
441.066,0.710078,1.27142,0.211159,85396.9
441.066,0.710078,1.27142,0.211159,85396.9
441.066,0.710078,1.27142,0.211159,85396.9
441.066,0.710078,1.27142,0.211159,85396.9
441.066,0.710078,1.27142,0.211159,85396.9
441.066,0.710078,1.27142,0.211159,85396.9
441.066,0.710078,1.27142,0.211159,85396.9
441.066,0.710078,1.27142,0.211159,85396.9
441.066,0.710078,1.27142,0.211159,85396.9
441.066,0.710078,1.27142,0.211159,85396.9
441.066,0.710078,1.27142,0.211159,85396.9
441.066,0.710078,1.27142,0.211159,85396.9
441.066,0.710078,1.27142,0.211159,85396.9
441.066,0.710078,1.27142,0.211159,85396.9
441.066,0.710078,1.27142,0.211159,85396.9
441.066,0.710078,1.27142,0.211159,85396.9
441.066,0.710078,1.27142,0.211159,85396.9
441.066,0.710078,1.27142,0.211159,85396.9
441.066,0.710078,1.27142,0.211159,85396.9
441.066,0.710078,1.27142,0.211159,85396.9
441.066,0.710078,1.27142,0.211159,85396.9
441.066,0.710078,1.27142,0.211159,85396.9
441.066,0.710078,1.27142,0.211159,85396.9
441.066,0.710078,1.27142,0.211159,85396.9
441.066,0.710078,1.27142,0.211159,85396.9
441.066,0.710078,1.27142,0.211159,85396.9
441.066,0.710078,1.27142,0.211159,85396.9
441.066,0.710078,1.27142,0.211159,85396.9
441.066,0.710078,1.27142,0.211159,85396.9
441.066,0.710078,1.27142,0.211159,85396.9
441.066,0.710078,1.27142,0.211159,85396.9
441.066,0.710078,1.27142,0.211159,85396.9
441.066,0.710078,1.27142,0.211159,85396.9
441.066,0.710078,1.27142,0.211159,85396.9
441.066,0.710078,1.27142,0.211159,85396.9
441.066,0.710078,1.27142,0.211159,85396.9
441.066,0.710078,1.27142,0.211159,85396.9
441.066,0.710078,1.27142,0.211159,85396.9
441.066,0.710078,1.27142,0.211159,85396.9
441.066,0.710078,1.27142,0.211159,85396.9
441.066,0.710078,1.27142,0.211159,85396.9
441.066,0.710078,1.27142,0.211159,85396.9
441.066,0.710078,1.27142,0.211159,85396.9
441.066,0.710078,1.27142,0.211159,85396.9
441.066,0.710078,1.27142,0.211159,85396.9
441.066,0.710078,1.27142,0.211159,85396.9
441.066,0.710078,1.27142,0.211159,85396.9
441.066,0.710078,1.27142,0.211159,85396.9
441.066,0.710078,1.27142,0.211159,85396.9
441.066,0.710078,1.27142,0.211159,85396.9
441.066,0.710078,1.27142,0.211159,85396.9
441.066,0.710078,1.27142,0.211159,85396.9
441.066,0.710078,1.27142,0.211159,85396.9
441.066,0.710078,1.27142,0.211159,85396.9
441.066,0.710078,1.27142,0.211159,85396.9
441.066,0.710078,1.27142,0.211159,85396.9
441.066,0.710078,1.27142,0.211159,85396.9
441.066,0.710078,1.27142,0.211159,85396.9
441.066,0.710078,1.27142,0.211159,85396.9
441.066,0.710078,1.27142,0.211159,85396.9
441.066,0.710078,1.27142,0.211159,85396.9
441.066,0.710078,1.27142,0.211159,85396.9
441.066,0.710078,1.27142,0.211159,85396.9
441.066,0.710078,1.27142,0.211159,85396.9
441.066,0.710078,1.27142,0.211159,85396.9
441.066,0.710078,1.27142,0.211159,85396.9
441.066,0.710078,1.27142,0.211159,85396.9
441.066,0.710078,1.27142,0.211159,85396.9
441.066,0.710078,1.27142,0.211159,85396.9
441.066,0.710078,1.27142,0.211159,85396.9
441.066,0.710078,1.27142,0.211159,85396.9
441.066,0.710078,1.27142,0.211159,85396.9
441.066,0.710078,1.27142,0.211159,85396.9
441.066,0.710078,1.27142,0.211159,85396.9
441.066,0.710078,1.27142,0.211159,85396.9
441.066,0.710078,1.27142,0.211159,85396.9
441.066,0.710078,1.27142,0.211159,85396.9
441.066,0.710078,1.27142,0.211159,85396.9
441.066,0.710078,1.27142,0.211159,85396.9
441.066,0.710078,1.27142,0.211159,85396.9
441.066,0.710078,1.27142,0.211159,85396.9
441.066,0.710078,1.27142,0.211159,85396.9
441.066,0.710078,1.27142,0.211159,85396.9
441.066,0.710078,1.27142,0.211159,85396.9
441.066,0.710078,1.27142,0.211159,85396.9
441.066,0.710078,1.27142,0.211159,85396.9
441.066,0.710078,1.27142,0.211159,85396.9
441.066,0.710078,1.27142,0.211159,85396.9
441.066,0.710078,1.27142,0.211159,85396.9
441.066,0.710078,1.27142,0.211159,85396.9
441.066,0.710078,1.27142,0.211159,85396.9
441.066,0.710078,1.27142,0.211159,85396.9
441.066,0.710078,1.27142,0.211159,85396.9
441.066,0.710078,1.27142,0.211159,85396.9
441.066,0.710077,1.27142,0.211159,85396.9
441.066,0.710078,1.27142,0.211159,85396.9
441.066,0.710078,1.27142,0.211159,85396.9
441.066,0.710078,1.27142,0.211159,85396.9
441.066,0.710077,1.27141,0.211159,85396.9
441.066,0.710078,1.27142,0.211159,85396.9
441.066,0.710078,1.27142,0.211159,85396.9
441.066,0.710078,1.27142,0.211159,85396.9
441.066,0.710075,1.27141,0.211159,85396.9
441.066,0.71008,1.27142,0.211159,85396.9
441.066,0.710077,1.27142,0.211159,85396.9
441.066,0.710078,1.27142,0.211159,85396.9
441.066,0.71007,1.2714,0.211159,85396.9
441.066,0.710085,1.27143,0.211159,85396.9
441.066,0.710077,1.27141,0.211159,85396.9
441.066,0.710078,1.27142,0.211159,85396.9
441.066,0.710076,1.27141,0.211172,85396.9
441.066,0.710079,1.27142,0.211147,85396.9
441.066,0.710078,1.27142,0.21116,85396.9
441.066,0.710078,1.27142,0.211158,85396.9
441.066,0.710078,1.27142,0.211159,85396.9
441.066,0.710078,1.27142,0.211159,85396.9
441.066,0.710078,1.27142,0.211159,85396.9
441.066,0.710078,1.27142,0.211159,85396.9
441.066,0.710078,1.27142,0.211159,85396.9
441.066,0.710078,1.27142,0.211159,85396.9
441.066,0.710078,1.27142,0.211159,85396.9
441.066,0.710078,1.27142,0.211159,85396.9
441.066,0.710078,1.27142,0.211159,85396.9
441.066,0.710078,1.27142,0.211159,85396.9
441.066,0.710078,1.27142,0.211159,85396.9
441.066,0.710078,1.27142,0.211159,85396.9
441.066,0.710078,1.27142,0.211159,85396.9
441.066,0.710078,1.27142,0.211159,85396.9
441.066,0.710078,1.27142,0.211159,85396.9
441.066,0.710078,1.27142,0.211159,85396.9
441.066,0.710078,1.27142,0.211159,85396.9
441.066,0.710078,1.27142,0.211159,85396.9
441.066,0.710078,1.27142,0.211159,85396.9
441.066,0.710078,1.27142,0.211159,85396.9
441.066,0.710078,1.27142,0.211159,85396.9
441.066,0.710078,1.27142,0.211159,85396.9
441.066,0.710078,1.27142,0.211159,85396.9
441.066,0.710078,1.27142,0.211159,85396.9
441.066,0.710078,1.27142,0.211159,85396.9
441.066,0.710078,1.27142,0.211159,85396.9
441.066,0.710078,1.27142,0.211159,85396.9
441.066,0.710078,1.27142,0.211159,85396.9
441.066,0.710078,1.27142,0.211159,85396.9
